[2026-02-24 04:58:26] litespeed.181.124.224.197 [INFO] MAIL (log driver) {"to":"robin@vinculo.com.py","subject":"Registro recibido — Cantina Siloe","preview":"\n\n\n  \n  \n  Registro recibido\n  \n    body { margin:0; padding:0; background:#050816; font-family:'Helvetica Neue',Arial,sans-serif; color:#f8fafc; }\n    .wrap { max-width:560px; margin:40px auto; backg"}
[2026-02-24 05:28:22] litespeed.181.124.224.197 [ERROR] Uncaught exception {"type":"Error","message":"Call to undefined function db_fetch()","file":"/home1/siloecom/sistema.siloe.com.py/api/backend.php","line":142}
[2026-02-24 05:28:22] litespeed.181.124.224.197 [ERROR] PHP error {"type":"Notice","message":"ob_clean(): Failed to delete buffer. No buffer to delete","file":"/home1/siloecom/sistema.siloe.com.py/app/bootstrap_core.php","line":39}
[2026-02-24 05:33:17] litespeed.181.124.224.197 [ERROR] Uncaught exception {"type":"Error","message":"Call to undefined function db_fetch()","file":"/home1/siloecom/sistema.siloe.com.py/api/backend.php","line":142}
[2026-02-24 05:33:17] litespeed.181.124.224.197 [ERROR] PHP error {"type":"Notice","message":"ob_clean(): Failed to delete buffer. No buffer to delete","file":"/home1/siloecom/sistema.siloe.com.py/app/bootstrap_core.php","line":39}
[2026-02-24 05:37:16] litespeed.181.124.224.197 [ERROR] Uncaught exception {"type":"Error","message":"Call to undefined function db_fetch()","file":"/home1/siloecom/sistema.siloe.com.py/api/backend.php","line":142}
[2026-02-24 05:37:16] litespeed.181.124.224.197 [ERROR] PHP error {"type":"Notice","message":"ob_clean(): Failed to delete buffer. No buffer to delete","file":"/home1/siloecom/sistema.siloe.com.py/app/bootstrap_core.php","line":39}
[2026-02-24 06:09:36] litespeed.181.124.224.197 [ERROR] Uncaught exception {"type":"Error","message":"Call to undefined function require_method()","file":"/home1/siloecom/sistema.siloe.com.py/api/sync.php","line":17}
[2026-02-24 06:09:36] litespeed.181.124.224.197 [ERROR] PHP error {"type":"Notice","message":"ob_clean(): Failed to delete buffer. No buffer to delete","file":"/home1/siloecom/sistema.siloe.com.py/app/bootstrap_core.php","line":39}
[2026-02-24 06:09:52] litespeed.181.124.224.197 [ERROR] Uncaught exception {"type":"Error","message":"Call to undefined function require_method()","file":"/home1/siloecom/sistema.siloe.com.py/api/sync.php","line":17}
[2026-02-24 06:09:52] litespeed.181.124.224.197 [ERROR] PHP error {"type":"Notice","message":"ob_clean(): Failed to delete buffer. No buffer to delete","file":"/home1/siloecom/sistema.siloe.com.py/app/bootstrap_core.php","line":39}
[2026-02-24 06:32:28] litespeed.181.124.224.197 [ERROR] Uncaught exception {"type":"Error","message":"Call to undefined function db_fetch()","file":"/home1/siloecom/sistema.siloe.com.py/api/parents.php","line":104}
[2026-02-24 06:32:28] litespeed.181.124.224.197 [ERROR] PHP error {"type":"Notice","message":"ob_clean(): Failed to delete buffer. No buffer to delete","file":"/home1/siloecom/sistema.siloe.com.py/app/bootstrap_core.php","line":39}
[2026-02-24 06:32:35] litespeed.181.124.224.197 [ERROR] Uncaught exception {"type":"Error","message":"Call to undefined function db_fetch()","file":"/home1/siloecom/sistema.siloe.com.py/api/parents.php","line":104}
[2026-02-24 06:32:35] litespeed.181.124.224.197 [ERROR] PHP error {"type":"Notice","message":"ob_clean(): Failed to delete buffer. No buffer to delete","file":"/home1/siloecom/sistema.siloe.com.py/app/bootstrap_core.php","line":39}
[2026-02-24 07:13:01] litespeed.181.124.224.197 [ERROR] PHP error {"type":"Warning","message":"Undefined array key \"updated_at\"","file":"/home1/siloecom/sistema.siloe.com.py/app/domain.php","line":102}
[2026-02-24 07:13:01] litespeed.181.124.224.197 [ERROR] PHP error {"type":"Warning","message":"Undefined array key \"updated_at\"","file":"/home1/siloecom/sistema.siloe.com.py/app/domain.php","line":102}
[2026-02-24 07:13:01] litespeed.181.124.224.197 [ERROR] PHP error {"type":"Warning","message":"Undefined array key \"allocations_json\"","file":"/home1/siloecom/sistema.siloe.com.py/app/domain.php","line":96}
[2026-02-24 07:13:01] litespeed.181.124.224.197 [ERROR] PHP error {"type":"Warning","message":"Undefined array key \"allocations_json\"","file":"/home1/siloecom/sistema.siloe.com.py/app/domain.php","line":96}
[2026-02-24 07:41:53] litespeed.181.124.224.197 [ERROR] PHP error {"type":"Warning","message":"Undefined array key \"updated_at\"","file":"/home1/siloecom/sistema.siloe.com.py/app/domain.php","line":102}
[2026-02-24 07:41:53] litespeed.181.124.224.197 [ERROR] PHP error {"type":"Warning","message":"Undefined array key \"updated_at\"","file":"/home1/siloecom/sistema.siloe.com.py/app/domain.php","line":102}
[2026-02-24 07:42:10] litespeed.181.124.224.197 [ERROR] PHP error {"type":"Warning","message":"Undefined array key \"updated_at\"","file":"/home1/siloecom/sistema.siloe.com.py/app/domain.php","line":102}
[2026-02-24 07:42:10] litespeed.181.124.224.197 [ERROR] PHP error {"type":"Warning","message":"Undefined array key \"updated_at\"","file":"/home1/siloecom/sistema.siloe.com.py/app/domain.php","line":102}
[2026-02-24 07:42:10] litespeed.181.124.224.197 [ERROR] PHP error {"type":"Warning","message":"Undefined array key \"allocations_json\"","file":"/home1/siloecom/sistema.siloe.com.py/app/domain.php","line":96}
[2026-02-24 07:42:10] litespeed.181.124.224.197 [ERROR] PHP error {"type":"Warning","message":"Undefined array key \"allocations_json\"","file":"/home1/siloecom/sistema.siloe.com.py/app/domain.php","line":96}
[2026-02-24 07:42:31] litespeed.181.124.224.197 [ERROR] Uncaught exception {"type":"Error","message":"Call to undefined function db_fetch()","file":"/home1/siloecom/sistema.siloe.com.py/api/parents.php","line":104}
[2026-02-24 07:42:31] litespeed.181.124.224.197 [ERROR] PHP error {"type":"Notice","message":"ob_clean(): Failed to delete buffer. No buffer to delete","file":"/home1/siloecom/sistema.siloe.com.py/app/bootstrap_core.php","line":39}
[2026-02-24 07:42:36] litespeed.181.124.224.197 [ERROR] Uncaught exception {"type":"Error","message":"Call to undefined function db_fetch()","file":"/home1/siloecom/sistema.siloe.com.py/api/parents.php","line":104}
[2026-02-24 07:42:36] litespeed.181.124.224.197 [ERROR] PHP error {"type":"Notice","message":"ob_clean(): Failed to delete buffer. No buffer to delete","file":"/home1/siloecom/sistema.siloe.com.py/app/bootstrap_core.php","line":39}
[2026-02-24 07:43:09] litespeed.181.124.224.197 [ERROR] Uncaught exception {"type":"Error","message":"Call to undefined function db_fetch()","file":"/home1/siloecom/sistema.siloe.com.py/api/parents.php","line":104}
[2026-02-24 07:43:09] litespeed.181.124.224.197 [ERROR] PHP error {"type":"Notice","message":"ob_clean(): Failed to delete buffer. No buffer to delete","file":"/home1/siloecom/sistema.siloe.com.py/app/bootstrap_core.php","line":39}
[2026-02-24 07:49:20] litespeed.181.124.224.197 [ERROR] PHP error {"type":"Warning","message":"Undefined array key \"updated_at\"","file":"/home1/siloecom/sistema.siloe.com.py/app/domain.php","line":102}
[2026-02-24 07:49:20] litespeed.181.124.224.197 [ERROR] PHP error {"type":"Warning","message":"Undefined array key \"updated_at\"","file":"/home1/siloecom/sistema.siloe.com.py/app/domain.php","line":102}
[2026-02-24 07:49:20] litespeed.181.124.224.197 [ERROR] PHP error {"type":"Warning","message":"Undefined array key \"updated_at\"","file":"/home1/siloecom/sistema.siloe.com.py/app/domain.php","line":102}
[2026-02-24 07:49:20] litespeed.181.124.224.197 [ERROR] PHP error {"type":"Warning","message":"Undefined array key \"updated_at\"","file":"/home1/siloecom/sistema.siloe.com.py/app/domain.php","line":102}
[2026-02-24 07:49:20] litespeed.181.124.224.197 [ERROR] PHP error {"type":"Warning","message":"Undefined array key \"updated_at\"","file":"/home1/siloecom/sistema.siloe.com.py/app/domain.php","line":102}
[2026-02-24 07:49:20] litespeed.181.124.224.197 [ERROR] PHP error {"type":"Warning","message":"Undefined array key \"allocations_json\"","file":"/home1/siloecom/sistema.siloe.com.py/app/domain.php","line":96}
[2026-02-24 07:49:20] litespeed.181.124.224.197 [ERROR] PHP error {"type":"Warning","message":"Undefined array key \"allocations_json\"","file":"/home1/siloecom/sistema.siloe.com.py/app/domain.php","line":96}
[2026-02-24 07:49:20] litespeed.181.124.224.197 [ERROR] PHP error {"type":"Warning","message":"Undefined array key \"allocations_json\"","file":"/home1/siloecom/sistema.siloe.com.py/app/domain.php","line":96}
[2026-02-24 07:49:20] litespeed.181.124.224.197 [ERROR] PHP error {"type":"Warning","message":"Undefined array key \"allocations_json\"","file":"/home1/siloecom/sistema.siloe.com.py/app/domain.php","line":96}
[2026-02-24 07:49:20] litespeed.181.124.224.197 [ERROR] PHP error {"type":"Warning","message":"Undefined array key \"allocations_json\"","file":"/home1/siloecom/sistema.siloe.com.py/app/domain.php","line":96}
[2026-02-24 07:49:29] litespeed.181.124.224.197 [ERROR] PHP error {"type":"Warning","message":"Undefined array key \"updated_at\"","file":"/home1/siloecom/sistema.siloe.com.py/app/domain.php","line":102}
[2026-02-24 07:49:29] litespeed.181.124.224.197 [ERROR] PHP error {"type":"Warning","message":"Undefined array key \"updated_at\"","file":"/home1/siloecom/sistema.siloe.com.py/app/domain.php","line":102}
[2026-02-24 07:49:29] litespeed.181.124.224.197 [ERROR] PHP error {"type":"Warning","message":"Undefined array key \"updated_at\"","file":"/home1/siloecom/sistema.siloe.com.py/app/domain.php","line":102}
[2026-02-24 07:49:29] litespeed.181.124.224.197 [ERROR] PHP error {"type":"Warning","message":"Undefined array key \"updated_at\"","file":"/home1/siloecom/sistema.siloe.com.py/app/domain.php","line":102}
[2026-02-24 07:49:29] litespeed.181.124.224.197 [ERROR] PHP error {"type":"Warning","message":"Undefined array key \"updated_at\"","file":"/home1/siloecom/sistema.siloe.com.py/app/domain.php","line":102}
[2026-02-24 07:49:29] litespeed.181.124.224.197 [ERROR] PHP error {"type":"Warning","message":"Undefined array key \"allocations_json\"","file":"/home1/siloecom/sistema.siloe.com.py/app/domain.php","line":96}
[2026-02-24 07:49:29] litespeed.181.124.224.197 [ERROR] PHP error {"type":"Warning","message":"Undefined array key \"allocations_json\"","file":"/home1/siloecom/sistema.siloe.com.py/app/domain.php","line":96}
[2026-02-24 07:49:29] litespeed.181.124.224.197 [ERROR] PHP error {"type":"Warning","message":"Undefined array key \"allocations_json\"","file":"/home1/siloecom/sistema.siloe.com.py/app/domain.php","line":96}
[2026-02-24 07:49:29] litespeed.181.124.224.197 [ERROR] PHP error {"type":"Warning","message":"Undefined array key \"allocations_json\"","file":"/home1/siloecom/sistema.siloe.com.py/app/domain.php","line":96}
[2026-02-24 07:49:29] litespeed.181.124.224.197 [ERROR] PHP error {"type":"Warning","message":"Undefined array key \"allocations_json\"","file":"/home1/siloecom/sistema.siloe.com.py/app/domain.php","line":96}
[2026-02-24 07:49:40] litespeed.181.124.224.197 [ERROR] Uncaught exception {"type":"Error","message":"Call to undefined function db_fetch()","file":"/home1/siloecom/sistema.siloe.com.py/api/parents.php","line":104}
[2026-02-24 07:49:40] litespeed.181.124.224.197 [ERROR] PHP error {"type":"Notice","message":"ob_clean(): Failed to delete buffer. No buffer to delete","file":"/home1/siloecom/sistema.siloe.com.py/app/bootstrap_core.php","line":39}
[2026-02-24 07:49:44] litespeed.181.124.224.197 [ERROR] Uncaught exception {"type":"Error","message":"Call to undefined function db_fetch()","file":"/home1/siloecom/sistema.siloe.com.py/api/parents.php","line":104}
[2026-02-24 07:49:44] litespeed.181.124.224.197 [ERROR] PHP error {"type":"Notice","message":"ob_clean(): Failed to delete buffer. No buffer to delete","file":"/home1/siloecom/sistema.siloe.com.py/app/bootstrap_core.php","line":39}
[2026-02-24 07:49:55] litespeed.181.124.224.197 [ERROR] PHP error {"type":"Warning","message":"Undefined array key \"updated_at\"","file":"/home1/siloecom/sistema.siloe.com.py/app/domain.php","line":102}
[2026-02-24 07:49:55] litespeed.181.124.224.197 [ERROR] PHP error {"type":"Warning","message":"Undefined array key \"updated_at\"","file":"/home1/siloecom/sistema.siloe.com.py/app/domain.php","line":102}
[2026-02-24 07:49:55] litespeed.181.124.224.197 [ERROR] PHP error {"type":"Warning","message":"Undefined array key \"updated_at\"","file":"/home1/siloecom/sistema.siloe.com.py/app/domain.php","line":102}
[2026-02-24 07:49:55] litespeed.181.124.224.197 [ERROR] PHP error {"type":"Warning","message":"Undefined array key \"updated_at\"","file":"/home1/siloecom/sistema.siloe.com.py/app/domain.php","line":102}
[2026-02-24 07:49:55] litespeed.181.124.224.197 [ERROR] PHP error {"type":"Warning","message":"Undefined array key \"updated_at\"","file":"/home1/siloecom/sistema.siloe.com.py/app/domain.php","line":102}
[2026-02-24 07:49:55] litespeed.181.124.224.197 [ERROR] PHP error {"type":"Warning","message":"Undefined array key \"updated_at\"","file":"/home1/siloecom/sistema.siloe.com.py/app/domain.php","line":102}
[2026-02-24 07:49:55] litespeed.181.124.224.197 [ERROR] PHP error {"type":"Warning","message":"Undefined array key \"updated_at\"","file":"/home1/siloecom/sistema.siloe.com.py/app/domain.php","line":102}
[2026-02-24 07:57:15] litespeed.181.124.224.197 [ERROR] PHP error {"type":"Warning","message":"Undefined array key \"updated_at\"","file":"/home1/siloecom/sistema.siloe.com.py/app/domain.php","line":102}
[2026-02-24 07:57:15] litespeed.181.124.224.197 [ERROR] PHP error {"type":"Warning","message":"Undefined array key \"updated_at\"","file":"/home1/siloecom/sistema.siloe.com.py/app/domain.php","line":102}
[2026-02-24 07:57:15] litespeed.181.124.224.197 [ERROR] PHP error {"type":"Warning","message":"Undefined array key \"updated_at\"","file":"/home1/siloecom/sistema.siloe.com.py/app/domain.php","line":102}
[2026-02-24 07:57:15] litespeed.181.124.224.197 [ERROR] PHP error {"type":"Warning","message":"Undefined array key \"updated_at\"","file":"/home1/siloecom/sistema.siloe.com.py/app/domain.php","line":102}
[2026-02-24 07:57:15] litespeed.181.124.224.197 [ERROR] PHP error {"type":"Warning","message":"Undefined array key \"updated_at\"","file":"/home1/siloecom/sistema.siloe.com.py/app/domain.php","line":102}
[2026-02-24 07:57:15] litespeed.181.124.224.197 [ERROR] PHP error {"type":"Warning","message":"Undefined array key \"updated_at\"","file":"/home1/siloecom/sistema.siloe.com.py/app/domain.php","line":102}
[2026-02-24 07:57:15] litespeed.181.124.224.197 [ERROR] PHP error {"type":"Warning","message":"Undefined array key \"updated_at\"","file":"/home1/siloecom/sistema.siloe.com.py/app/domain.php","line":102}
[2026-02-24 07:58:27] litespeed.181.124.224.197 [ERROR] PHP error {"type":"Warning","message":"Undefined array key \"updated_at\"","file":"/home1/siloecom/sistema.siloe.com.py/app/domain.php","line":102}
[2026-02-24 07:58:27] litespeed.181.124.224.197 [ERROR] PHP error {"type":"Warning","message":"Undefined array key \"updated_at\"","file":"/home1/siloecom/sistema.siloe.com.py/app/domain.php","line":102}
[2026-02-24 07:58:27] litespeed.181.124.224.197 [ERROR] PHP error {"type":"Warning","message":"Undefined array key \"updated_at\"","file":"/home1/siloecom/sistema.siloe.com.py/app/domain.php","line":102}
[2026-02-24 07:58:27] litespeed.181.124.224.197 [ERROR] PHP error {"type":"Warning","message":"Undefined array key \"updated_at\"","file":"/home1/siloecom/sistema.siloe.com.py/app/domain.php","line":102}
[2026-02-24 07:58:27] litespeed.181.124.224.197 [ERROR] PHP error {"type":"Warning","message":"Undefined array key \"updated_at\"","file":"/home1/siloecom/sistema.siloe.com.py/app/domain.php","line":102}
[2026-02-24 07:58:27] litespeed.181.124.224.197 [ERROR] PHP error {"type":"Warning","message":"Undefined array key \"updated_at\"","file":"/home1/siloecom/sistema.siloe.com.py/app/domain.php","line":102}
[2026-02-24 07:58:27] litespeed.181.124.224.197 [ERROR] PHP error {"type":"Warning","message":"Undefined array key \"updated_at\"","file":"/home1/siloecom/sistema.siloe.com.py/app/domain.php","line":102}
[2026-02-24 08:01:50] litespeed.181.124.224.197 [ERROR] PHP error {"type":"Warning","message":"Undefined array key \"updated_at\"","file":"/home1/siloecom/sistema.siloe.com.py/app/domain.php","line":102}
[2026-02-24 08:01:50] litespeed.181.124.224.197 [ERROR] PHP error {"type":"Warning","message":"Undefined array key \"updated_at\"","file":"/home1/siloecom/sistema.siloe.com.py/app/domain.php","line":102}
[2026-02-24 08:01:50] litespeed.181.124.224.197 [ERROR] PHP error {"type":"Warning","message":"Undefined array key \"updated_at\"","file":"/home1/siloecom/sistema.siloe.com.py/app/domain.php","line":102}
[2026-02-24 08:01:50] litespeed.181.124.224.197 [ERROR] PHP error {"type":"Warning","message":"Undefined array key \"updated_at\"","file":"/home1/siloecom/sistema.siloe.com.py/app/domain.php","line":102}
[2026-02-24 08:01:50] litespeed.181.124.224.197 [ERROR] PHP error {"type":"Warning","message":"Undefined array key \"updated_at\"","file":"/home1/siloecom/sistema.siloe.com.py/app/domain.php","line":102}
[2026-02-24 08:01:50] litespeed.181.124.224.197 [ERROR] PHP error {"type":"Warning","message":"Undefined array key \"updated_at\"","file":"/home1/siloecom/sistema.siloe.com.py/app/domain.php","line":102}
[2026-02-24 08:01:50] litespeed.181.124.224.197 [ERROR] PHP error {"type":"Warning","message":"Undefined array key \"updated_at\"","file":"/home1/siloecom/sistema.siloe.com.py/app/domain.php","line":102}
[2026-02-24 08:02:38] litespeed.181.124.224.197 [ERROR] PHP error {"type":"Warning","message":"Undefined array key \"updated_at\"","file":"/home1/siloecom/sistema.siloe.com.py/app/domain.php","line":102}
[2026-02-24 08:02:38] litespeed.181.124.224.197 [ERROR] PHP error {"type":"Warning","message":"Undefined array key \"updated_at\"","file":"/home1/siloecom/sistema.siloe.com.py/app/domain.php","line":102}
[2026-02-24 08:02:38] litespeed.181.124.224.197 [ERROR] PHP error {"type":"Warning","message":"Undefined array key \"updated_at\"","file":"/home1/siloecom/sistema.siloe.com.py/app/domain.php","line":102}
[2026-02-24 08:02:38] litespeed.181.124.224.197 [ERROR] PHP error {"type":"Warning","message":"Undefined array key \"updated_at\"","file":"/home1/siloecom/sistema.siloe.com.py/app/domain.php","line":102}
[2026-02-24 08:02:38] litespeed.181.124.224.197 [ERROR] PHP error {"type":"Warning","message":"Undefined array key \"updated_at\"","file":"/home1/siloecom/sistema.siloe.com.py/app/domain.php","line":102}
[2026-02-24 08:02:38] litespeed.181.124.224.197 [ERROR] PHP error {"type":"Warning","message":"Undefined array key \"updated_at\"","file":"/home1/siloecom/sistema.siloe.com.py/app/domain.php","line":102}
[2026-02-24 08:02:38] litespeed.181.124.224.197 [ERROR] PHP error {"type":"Warning","message":"Undefined array key \"updated_at\"","file":"/home1/siloecom/sistema.siloe.com.py/app/domain.php","line":102}
[2026-02-24 08:02:48] litespeed.181.124.224.197 [ERROR] PHP error {"type":"Warning","message":"Undefined array key \"updated_at\"","file":"/home1/siloecom/sistema.siloe.com.py/app/domain.php","line":102}
[2026-02-24 08:02:48] litespeed.181.124.224.197 [ERROR] PHP error {"type":"Warning","message":"Undefined array key \"updated_at\"","file":"/home1/siloecom/sistema.siloe.com.py/app/domain.php","line":102}
[2026-02-24 08:02:48] litespeed.181.124.224.197 [ERROR] PHP error {"type":"Warning","message":"Undefined array key \"updated_at\"","file":"/home1/siloecom/sistema.siloe.com.py/app/domain.php","line":102}
[2026-02-24 08:02:48] litespeed.181.124.224.197 [ERROR] PHP error {"type":"Warning","message":"Undefined array key \"updated_at\"","file":"/home1/siloecom/sistema.siloe.com.py/app/domain.php","line":102}
[2026-02-24 08:02:48] litespeed.181.124.224.197 [ERROR] PHP error {"type":"Warning","message":"Undefined array key \"updated_at\"","file":"/home1/siloecom/sistema.siloe.com.py/app/domain.php","line":102}
[2026-02-24 08:02:48] litespeed.181.124.224.197 [ERROR] PHP error {"type":"Warning","message":"Undefined array key \"updated_at\"","file":"/home1/siloecom/sistema.siloe.com.py/app/domain.php","line":102}
[2026-02-24 08:02:48] litespeed.181.124.224.197 [ERROR] PHP error {"type":"Warning","message":"Undefined array key \"updated_at\"","file":"/home1/siloecom/sistema.siloe.com.py/app/domain.php","line":102}
[2026-02-24 08:11:48] litespeed.181.124.224.197 [ERROR] PHP error {"type":"Warning","message":"Undefined array key \"updated_at\"","file":"/home1/siloecom/sistema.siloe.com.py/app/domain.php","line":102}
[2026-02-24 08:11:48] litespeed.181.124.224.197 [ERROR] PHP error {"type":"Warning","message":"Undefined array key \"updated_at\"","file":"/home1/siloecom/sistema.siloe.com.py/app/domain.php","line":102}
[2026-02-24 08:11:48] litespeed.181.124.224.197 [ERROR] PHP error {"type":"Warning","message":"Undefined array key \"updated_at\"","file":"/home1/siloecom/sistema.siloe.com.py/app/domain.php","line":102}
[2026-02-24 08:11:48] litespeed.181.124.224.197 [ERROR] PHP error {"type":"Warning","message":"Undefined array key \"updated_at\"","file":"/home1/siloecom/sistema.siloe.com.py/app/domain.php","line":102}
[2026-02-24 08:11:48] litespeed.181.124.224.197 [ERROR] PHP error {"type":"Warning","message":"Undefined array key \"updated_at\"","file":"/home1/siloecom/sistema.siloe.com.py/app/domain.php","line":102}
[2026-02-24 08:11:48] litespeed.181.124.224.197 [ERROR] PHP error {"type":"Warning","message":"Undefined array key \"updated_at\"","file":"/home1/siloecom/sistema.siloe.com.py/app/domain.php","line":102}
[2026-02-24 08:11:48] litespeed.181.124.224.197 [ERROR] PHP error {"type":"Warning","message":"Undefined array key \"updated_at\"","file":"/home1/siloecom/sistema.siloe.com.py/app/domain.php","line":102}
[2026-02-24 08:11:58] litespeed.181.124.224.197 [ERROR] Uncaught exception {"type":"PDOException","message":"SQLSTATE[HY000]: General error: 1 near \"FOR\": syntax error","file":"/home1/siloecom/sistema.siloe.com.py/app/domain.php","line":400}
[2026-02-24 08:11:58] litespeed.181.124.224.197 [ERROR] PHP error {"type":"Notice","message":"ob_clean(): Failed to delete buffer. No buffer to delete","file":"/home1/siloecom/sistema.siloe.com.py/app/bootstrap_core.php","line":39}
[2026-02-24 08:13:10] litespeed.181.124.224.197 [ERROR] PHP error {"type":"Warning","message":"Undefined array key \"updated_at\"","file":"/home1/siloecom/sistema.siloe.com.py/app/domain.php","line":102}
[2026-02-24 08:13:10] litespeed.181.124.224.197 [ERROR] PHP error {"type":"Warning","message":"Undefined array key \"updated_at\"","file":"/home1/siloecom/sistema.siloe.com.py/app/domain.php","line":102}
[2026-02-24 08:13:10] litespeed.181.124.224.197 [ERROR] PHP error {"type":"Warning","message":"Undefined array key \"updated_at\"","file":"/home1/siloecom/sistema.siloe.com.py/app/domain.php","line":102}
[2026-02-24 08:13:10] litespeed.181.124.224.197 [ERROR] PHP error {"type":"Warning","message":"Undefined array key \"updated_at\"","file":"/home1/siloecom/sistema.siloe.com.py/app/domain.php","line":102}
[2026-02-24 08:13:10] litespeed.181.124.224.197 [ERROR] PHP error {"type":"Warning","message":"Undefined array key \"updated_at\"","file":"/home1/siloecom/sistema.siloe.com.py/app/domain.php","line":102}
[2026-02-24 08:13:10] litespeed.181.124.224.197 [ERROR] PHP error {"type":"Warning","message":"Undefined array key \"updated_at\"","file":"/home1/siloecom/sistema.siloe.com.py/app/domain.php","line":102}
[2026-02-24 08:13:10] litespeed.181.124.224.197 [ERROR] PHP error {"type":"Warning","message":"Undefined array key \"updated_at\"","file":"/home1/siloecom/sistema.siloe.com.py/app/domain.php","line":102}
[2026-02-24 08:13:15] litespeed.181.124.224.197 [ERROR] Uncaught exception {"type":"PDOException","message":"SQLSTATE[HY000]: General error: 1 no such column: admin_notes","file":"/home1/siloecom/sistema.siloe.com.py/app/domain.php","line":442}
[2026-02-24 08:13:15] litespeed.181.124.224.197 [ERROR] PHP error {"type":"Notice","message":"ob_clean(): Failed to delete buffer. No buffer to delete","file":"/home1/siloecom/sistema.siloe.com.py/app/bootstrap_core.php","line":39}
[2026-02-24 08:13:22] litespeed.181.124.224.197 [ERROR] PHP error {"type":"Warning","message":"Undefined array key \"updated_at\"","file":"/home1/siloecom/sistema.siloe.com.py/app/domain.php","line":102}
[2026-02-24 08:13:22] litespeed.181.124.224.197 [ERROR] PHP error {"type":"Warning","message":"Undefined array key \"updated_at\"","file":"/home1/siloecom/sistema.siloe.com.py/app/domain.php","line":102}
[2026-02-24 08:13:22] litespeed.181.124.224.197 [ERROR] PHP error {"type":"Warning","message":"Undefined array key \"updated_at\"","file":"/home1/siloecom/sistema.siloe.com.py/app/domain.php","line":102}
[2026-02-24 08:13:22] litespeed.181.124.224.197 [ERROR] PHP error {"type":"Warning","message":"Undefined array key \"updated_at\"","file":"/home1/siloecom/sistema.siloe.com.py/app/domain.php","line":102}
[2026-02-24 08:13:22] litespeed.181.124.224.197 [ERROR] PHP error {"type":"Warning","message":"Undefined array key \"updated_at\"","file":"/home1/siloecom/sistema.siloe.com.py/app/domain.php","line":102}
[2026-02-24 08:13:22] litespeed.181.124.224.197 [ERROR] PHP error {"type":"Warning","message":"Undefined array key \"updated_at\"","file":"/home1/siloecom/sistema.siloe.com.py/app/domain.php","line":102}
[2026-02-24 08:13:22] litespeed.181.124.224.197 [ERROR] PHP error {"type":"Warning","message":"Undefined array key \"updated_at\"","file":"/home1/siloecom/sistema.siloe.com.py/app/domain.php","line":102}
[2026-02-24 08:13:27] litespeed.181.124.224.197 [ERROR] PHP error {"type":"Warning","message":"Undefined array key \"updated_at\"","file":"/home1/siloecom/sistema.siloe.com.py/app/domain.php","line":102}
[2026-02-24 08:13:27] litespeed.181.124.224.197 [ERROR] PHP error {"type":"Warning","message":"Undefined array key \"updated_at\"","file":"/home1/siloecom/sistema.siloe.com.py/app/domain.php","line":102}
[2026-02-24 08:13:27] litespeed.181.124.224.197 [ERROR] PHP error {"type":"Warning","message":"Undefined array key \"updated_at\"","file":"/home1/siloecom/sistema.siloe.com.py/app/domain.php","line":102}
[2026-02-24 08:13:27] litespeed.181.124.224.197 [ERROR] PHP error {"type":"Warning","message":"Undefined array key \"updated_at\"","file":"/home1/siloecom/sistema.siloe.com.py/app/domain.php","line":102}
[2026-02-24 08:13:27] litespeed.181.124.224.197 [ERROR] PHP error {"type":"Warning","message":"Undefined array key \"updated_at\"","file":"/home1/siloecom/sistema.siloe.com.py/app/domain.php","line":102}
[2026-02-24 08:13:27] litespeed.181.124.224.197 [ERROR] PHP error {"type":"Warning","message":"Undefined array key \"updated_at\"","file":"/home1/siloecom/sistema.siloe.com.py/app/domain.php","line":102}
[2026-02-24 08:13:27] litespeed.181.124.224.197 [ERROR] PHP error {"type":"Warning","message":"Undefined array key \"updated_at\"","file":"/home1/siloecom/sistema.siloe.com.py/app/domain.php","line":102}
[2026-02-24 08:13:33] litespeed.181.124.224.197 [ERROR] Uncaught exception {"type":"PDOException","message":"SQLSTATE[HY000]: General error: 1 no such column: admin_notes","file":"/home1/siloecom/sistema.siloe.com.py/app/domain.php","line":442}
[2026-02-24 08:13:33] litespeed.181.124.224.197 [ERROR] PHP error {"type":"Notice","message":"ob_clean(): Failed to delete buffer. No buffer to delete","file":"/home1/siloecom/sistema.siloe.com.py/app/bootstrap_core.php","line":39}
[2026-02-24 08:14:58] litespeed.181.124.224.197 [ERROR] PHP error {"type":"Warning","message":"Undefined array key \"updated_at\"","file":"/home1/siloecom/sistema.siloe.com.py/app/domain.php","line":102}
[2026-02-24 08:14:58] litespeed.181.124.224.197 [ERROR] PHP error {"type":"Warning","message":"Undefined array key \"updated_at\"","file":"/home1/siloecom/sistema.siloe.com.py/app/domain.php","line":102}
[2026-02-24 08:14:58] litespeed.181.124.224.197 [ERROR] PHP error {"type":"Warning","message":"Undefined array key \"updated_at\"","file":"/home1/siloecom/sistema.siloe.com.py/app/domain.php","line":102}
[2026-02-24 08:14:58] litespeed.181.124.224.197 [ERROR] PHP error {"type":"Warning","message":"Undefined array key \"updated_at\"","file":"/home1/siloecom/sistema.siloe.com.py/app/domain.php","line":102}
[2026-02-24 08:14:58] litespeed.181.124.224.197 [ERROR] PHP error {"type":"Warning","message":"Undefined array key \"updated_at\"","file":"/home1/siloecom/sistema.siloe.com.py/app/domain.php","line":102}
[2026-02-24 08:14:58] litespeed.181.124.224.197 [ERROR] PHP error {"type":"Warning","message":"Undefined array key \"updated_at\"","file":"/home1/siloecom/sistema.siloe.com.py/app/domain.php","line":102}
[2026-02-24 08:14:58] litespeed.181.124.224.197 [ERROR] PHP error {"type":"Warning","message":"Undefined array key \"updated_at\"","file":"/home1/siloecom/sistema.siloe.com.py/app/domain.php","line":102}
[2026-02-24 08:15:02] litespeed.181.124.224.197 [ERROR] Uncaught exception {"type":"PDOException","message":"SQLSTATE[HY000]: General error: 1 no such column: admin_notes","file":"/home1/siloecom/sistema.siloe.com.py/app/domain.php","line":442}
[2026-02-24 08:15:02] litespeed.181.124.224.197 [ERROR] PHP error {"type":"Notice","message":"ob_clean(): Failed to delete buffer. No buffer to delete","file":"/home1/siloecom/sistema.siloe.com.py/app/bootstrap_core.php","line":39}
[2026-02-24 08:19:53] litespeed.181.124.224.197 [ERROR] PHP error {"type":"Warning","message":"Undefined array key \"updated_at\"","file":"/home1/siloecom/sistema.siloe.com.py/app/domain.php","line":102}
[2026-02-24 08:19:53] litespeed.181.124.224.197 [ERROR] PHP error {"type":"Warning","message":"Undefined array key \"updated_at\"","file":"/home1/siloecom/sistema.siloe.com.py/app/domain.php","line":102}
[2026-02-24 08:19:53] litespeed.181.124.224.197 [ERROR] PHP error {"type":"Warning","message":"Undefined array key \"updated_at\"","file":"/home1/siloecom/sistema.siloe.com.py/app/domain.php","line":102}
[2026-02-24 08:19:53] litespeed.181.124.224.197 [ERROR] PHP error {"type":"Warning","message":"Undefined array key \"updated_at\"","file":"/home1/siloecom/sistema.siloe.com.py/app/domain.php","line":102}
[2026-02-24 08:19:53] litespeed.181.124.224.197 [ERROR] PHP error {"type":"Warning","message":"Undefined array key \"updated_at\"","file":"/home1/siloecom/sistema.siloe.com.py/app/domain.php","line":102}
[2026-02-24 08:19:53] litespeed.181.124.224.197 [ERROR] PHP error {"type":"Warning","message":"Undefined array key \"updated_at\"","file":"/home1/siloecom/sistema.siloe.com.py/app/domain.php","line":102}
[2026-02-24 08:19:53] litespeed.181.124.224.197 [ERROR] PHP error {"type":"Warning","message":"Undefined array key \"updated_at\"","file":"/home1/siloecom/sistema.siloe.com.py/app/domain.php","line":102}
[2026-02-24 08:20:03] litespeed.181.124.224.197 [ERROR] PHP error {"type":"Warning","message":"Undefined array key \"updated_at\"","file":"/home1/siloecom/sistema.siloe.com.py/app/domain.php","line":102}
[2026-02-24 08:20:04] litespeed.181.124.224.197 [ERROR] PHP error {"type":"Warning","message":"Undefined array key \"updated_at\"","file":"/home1/siloecom/sistema.siloe.com.py/app/domain.php","line":102}
[2026-02-24 08:20:04] litespeed.181.124.224.197 [ERROR] PHP error {"type":"Warning","message":"Undefined array key \"updated_at\"","file":"/home1/siloecom/sistema.siloe.com.py/app/domain.php","line":102}
[2026-02-24 08:20:04] litespeed.181.124.224.197 [ERROR] PHP error {"type":"Warning","message":"Undefined array key \"updated_at\"","file":"/home1/siloecom/sistema.siloe.com.py/app/domain.php","line":102}
[2026-02-24 08:20:04] litespeed.181.124.224.197 [ERROR] PHP error {"type":"Warning","message":"Undefined array key \"updated_at\"","file":"/home1/siloecom/sistema.siloe.com.py/app/domain.php","line":102}
[2026-02-24 08:20:04] litespeed.181.124.224.197 [ERROR] PHP error {"type":"Warning","message":"Undefined array key \"updated_at\"","file":"/home1/siloecom/sistema.siloe.com.py/app/domain.php","line":102}
[2026-02-24 08:20:04] litespeed.181.124.224.197 [ERROR] PHP error {"type":"Warning","message":"Undefined array key \"updated_at\"","file":"/home1/siloecom/sistema.siloe.com.py/app/domain.php","line":102}
[2026-02-24 08:20:04] litespeed.181.124.224.197 [ERROR] PHP error {"type":"Warning","message":"Undefined array key \"updated_at\"","file":"/home1/siloecom/sistema.siloe.com.py/app/domain.php","line":102}
[2026-02-24 08:23:37] litespeed.181.124.224.197 [ERROR] PHP error {"type":"Warning","message":"Undefined array key \"updated_at\"","file":"/home1/siloecom/sistema.siloe.com.py/app/domain.php","line":102}
[2026-02-24 08:23:37] litespeed.181.124.224.197 [ERROR] PHP error {"type":"Warning","message":"Undefined array key \"updated_at\"","file":"/home1/siloecom/sistema.siloe.com.py/app/domain.php","line":102}
[2026-02-24 08:23:37] litespeed.181.124.224.197 [ERROR] PHP error {"type":"Warning","message":"Undefined array key \"updated_at\"","file":"/home1/siloecom/sistema.siloe.com.py/app/domain.php","line":102}
[2026-02-24 08:23:37] litespeed.181.124.224.197 [ERROR] PHP error {"type":"Warning","message":"Undefined array key \"updated_at\"","file":"/home1/siloecom/sistema.siloe.com.py/app/domain.php","line":102}
[2026-02-24 08:23:37] litespeed.181.124.224.197 [ERROR] PHP error {"type":"Warning","message":"Undefined array key \"updated_at\"","file":"/home1/siloecom/sistema.siloe.com.py/app/domain.php","line":102}
[2026-02-24 08:23:37] litespeed.181.124.224.197 [ERROR] PHP error {"type":"Warning","message":"Undefined array key \"updated_at\"","file":"/home1/siloecom/sistema.siloe.com.py/app/domain.php","line":102}
[2026-02-24 08:23:37] litespeed.181.124.224.197 [ERROR] PHP error {"type":"Warning","message":"Undefined array key \"updated_at\"","file":"/home1/siloecom/sistema.siloe.com.py/app/domain.php","line":102}
[2026-02-24 08:23:44] litespeed.181.124.224.197 [ERROR] PHP error {"type":"Warning","message":"Undefined array key \"updated_at\"","file":"/home1/siloecom/sistema.siloe.com.py/app/domain.php","line":102}
[2026-02-24 08:23:45] litespeed.181.124.224.197 [ERROR] PHP error {"type":"Warning","message":"Undefined array key \"updated_at\"","file":"/home1/siloecom/sistema.siloe.com.py/app/domain.php","line":102}
[2026-02-24 08:23:45] litespeed.181.124.224.197 [ERROR] PHP error {"type":"Warning","message":"Undefined array key \"updated_at\"","file":"/home1/siloecom/sistema.siloe.com.py/app/domain.php","line":102}
[2026-02-24 08:23:45] litespeed.181.124.224.197 [ERROR] PHP error {"type":"Warning","message":"Undefined array key \"updated_at\"","file":"/home1/siloecom/sistema.siloe.com.py/app/domain.php","line":102}
[2026-02-24 08:23:45] litespeed.181.124.224.197 [ERROR] PHP error {"type":"Warning","message":"Undefined array key \"updated_at\"","file":"/home1/siloecom/sistema.siloe.com.py/app/domain.php","line":102}
[2026-02-24 08:23:45] litespeed.181.124.224.197 [ERROR] PHP error {"type":"Warning","message":"Undefined array key \"updated_at\"","file":"/home1/siloecom/sistema.siloe.com.py/app/domain.php","line":102}
[2026-02-24 08:23:45] litespeed.181.124.224.197 [ERROR] PHP error {"type":"Warning","message":"Undefined array key \"updated_at\"","file":"/home1/siloecom/sistema.siloe.com.py/app/domain.php","line":102}
[2026-02-24 08:23:45] litespeed.181.124.224.197 [ERROR] PHP error {"type":"Warning","message":"Undefined array key \"updated_at\"","file":"/home1/siloecom/sistema.siloe.com.py/app/domain.php","line":102}
[2026-02-24 08:26:43] litespeed.181.124.224.197 [ERROR] PHP error {"type":"Warning","message":"Undefined array key \"updated_at\"","file":"/home1/siloecom/sistema.siloe.com.py/app/domain.php","line":102}
[2026-02-24 08:26:44] litespeed.181.124.224.197 [ERROR] PHP error {"type":"Warning","message":"Undefined array key \"updated_at\"","file":"/home1/siloecom/sistema.siloe.com.py/app/domain.php","line":102}
[2026-02-24 08:26:44] litespeed.181.124.224.197 [ERROR] PHP error {"type":"Warning","message":"Undefined array key \"updated_at\"","file":"/home1/siloecom/sistema.siloe.com.py/app/domain.php","line":102}
[2026-02-24 08:26:44] litespeed.181.124.224.197 [ERROR] PHP error {"type":"Warning","message":"Undefined array key \"updated_at\"","file":"/home1/siloecom/sistema.siloe.com.py/app/domain.php","line":102}
[2026-02-24 08:26:44] litespeed.181.124.224.197 [ERROR] PHP error {"type":"Warning","message":"Undefined array key \"updated_at\"","file":"/home1/siloecom/sistema.siloe.com.py/app/domain.php","line":102}
[2026-02-24 08:26:44] litespeed.181.124.224.197 [ERROR] PHP error {"type":"Warning","message":"Undefined array key \"updated_at\"","file":"/home1/siloecom/sistema.siloe.com.py/app/domain.php","line":102}
[2026-02-24 08:26:44] litespeed.181.124.224.197 [ERROR] PHP error {"type":"Warning","message":"Undefined array key \"updated_at\"","file":"/home1/siloecom/sistema.siloe.com.py/app/domain.php","line":102}
[2026-02-24 08:26:44] litespeed.181.124.224.197 [ERROR] PHP error {"type":"Warning","message":"Undefined array key \"updated_at\"","file":"/home1/siloecom/sistema.siloe.com.py/app/domain.php","line":102}
[2026-02-24 08:57:03] litespeed.181.124.224.197 [ERROR] Uncaught exception {"type":"Error","message":"Call to undefined function handle_sync_students_get()","file":"/home1/siloecom/sistema.siloe.com.py/api/sync.php","line":7}
[2026-02-24 08:57:03] litespeed.181.124.224.197 [ERROR] PHP error {"type":"Notice","message":"ob_clean(): Failed to delete buffer. No buffer to delete","file":"/home1/siloecom/sistema.siloe.com.py/app/bootstrap_core.php","line":39}
[2026-02-24 08:58:02] litespeed.181.124.224.197 [ERROR] Uncaught exception {"type":"Error","message":"Call to undefined function handle_sync_students_get()","file":"/home1/siloecom/sistema.siloe.com.py/api/sync.php","line":7}
[2026-02-24 08:58:02] litespeed.181.124.224.197 [ERROR] PHP error {"type":"Notice","message":"ob_clean(): Failed to delete buffer. No buffer to delete","file":"/home1/siloecom/sistema.siloe.com.py/app/bootstrap_core.php","line":39}
[2026-02-24 08:59:04] litespeed.181.124.224.197 [ERROR] Uncaught exception {"type":"Error","message":"Call to undefined function handle_sync_students_get()","file":"/home1/siloecom/sistema.siloe.com.py/api/sync.php","line":7}
[2026-02-24 08:59:04] litespeed.181.124.224.197 [ERROR] PHP error {"type":"Notice","message":"ob_clean(): Failed to delete buffer. No buffer to delete","file":"/home1/siloecom/sistema.siloe.com.py/app/bootstrap_core.php","line":39}
[2026-02-24 08:59:25] litespeed.181.124.224.197 [ERROR] Uncaught exception {"type":"Error","message":"Call to undefined function handle_sync_students_get()","file":"/home1/siloecom/sistema.siloe.com.py/api/sync.php","line":7}
[2026-02-24 08:59:25] litespeed.181.124.224.197 [ERROR] PHP error {"type":"Notice","message":"ob_clean(): Failed to delete buffer. No buffer to delete","file":"/home1/siloecom/sistema.siloe.com.py/app/bootstrap_core.php","line":39}
[2026-02-24 09:00:03] litespeed.181.124.224.197 [ERROR] Uncaught exception {"type":"Error","message":"Call to undefined function handle_sync_students_get()","file":"/home1/siloecom/sistema.siloe.com.py/api/sync.php","line":7}
[2026-02-24 09:00:03] litespeed.181.124.224.197 [ERROR] PHP error {"type":"Notice","message":"ob_clean(): Failed to delete buffer. No buffer to delete","file":"/home1/siloecom/sistema.siloe.com.py/app/bootstrap_core.php","line":39}
[2026-02-24 09:01:02] litespeed.181.124.224.197 [ERROR] Uncaught exception {"type":"Error","message":"Call to undefined function handle_sync_students_get()","file":"/home1/siloecom/sistema.siloe.com.py/api/sync.php","line":7}
[2026-02-24 09:01:02] litespeed.181.124.224.197 [ERROR] PHP error {"type":"Notice","message":"ob_clean(): Failed to delete buffer. No buffer to delete","file":"/home1/siloecom/sistema.siloe.com.py/app/bootstrap_core.php","line":39}
[2026-02-24 09:02:03] litespeed.181.124.224.197 [ERROR] Uncaught exception {"type":"Error","message":"Call to undefined function handle_sync_students_get()","file":"/home1/siloecom/sistema.siloe.com.py/api/sync.php","line":7}
[2026-02-24 09:02:03] litespeed.181.124.224.197 [ERROR] PHP error {"type":"Notice","message":"ob_clean(): Failed to delete buffer. No buffer to delete","file":"/home1/siloecom/sistema.siloe.com.py/app/bootstrap_core.php","line":39}
[2026-02-24 09:03:03] litespeed.181.124.224.197 [ERROR] Uncaught exception {"type":"Error","message":"Call to undefined function handle_sync_students_get()","file":"/home1/siloecom/sistema.siloe.com.py/api/sync.php","line":7}
[2026-02-24 09:03:03] litespeed.181.124.224.197 [ERROR] PHP error {"type":"Notice","message":"ob_clean(): Failed to delete buffer. No buffer to delete","file":"/home1/siloecom/sistema.siloe.com.py/app/bootstrap_core.php","line":39}
[2026-02-24 09:04:03] litespeed.181.124.224.197 [ERROR] Uncaught exception {"type":"Error","message":"Call to undefined function handle_sync_students_get()","file":"/home1/siloecom/sistema.siloe.com.py/api/sync.php","line":7}
[2026-02-24 09:04:03] litespeed.181.124.224.197 [ERROR] PHP error {"type":"Notice","message":"ob_clean(): Failed to delete buffer. No buffer to delete","file":"/home1/siloecom/sistema.siloe.com.py/app/bootstrap_core.php","line":39}
[2026-02-24 09:05:04] litespeed.181.124.224.197 [ERROR] Uncaught exception {"type":"Error","message":"Call to undefined function handle_sync_students_get()","file":"/home1/siloecom/sistema.siloe.com.py/api/sync.php","line":7}
[2026-02-24 09:05:04] litespeed.181.124.224.197 [ERROR] PHP error {"type":"Notice","message":"ob_clean(): Failed to delete buffer. No buffer to delete","file":"/home1/siloecom/sistema.siloe.com.py/app/bootstrap_core.php","line":39}
[2026-02-24 09:06:06] litespeed.181.124.224.197 [ERROR] Uncaught exception {"type":"Error","message":"Call to undefined function handle_sync_students_get()","file":"/home1/siloecom/sistema.siloe.com.py/api/sync.php","line":7}
[2026-02-24 09:06:06] litespeed.181.124.224.197 [ERROR] PHP error {"type":"Notice","message":"ob_clean(): Failed to delete buffer. No buffer to delete","file":"/home1/siloecom/sistema.siloe.com.py/app/bootstrap_core.php","line":39}
[2026-02-24 09:07:05] litespeed.181.124.224.197 [ERROR] Uncaught exception {"type":"Error","message":"Call to undefined function handle_sync_students_get()","file":"/home1/siloecom/sistema.siloe.com.py/api/sync.php","line":7}
[2026-02-24 09:07:05] litespeed.181.124.224.197 [ERROR] PHP error {"type":"Notice","message":"ob_clean(): Failed to delete buffer. No buffer to delete","file":"/home1/siloecom/sistema.siloe.com.py/app/bootstrap_core.php","line":39}
[2026-02-24 09:08:03] litespeed.181.124.224.197 [ERROR] Uncaught exception {"type":"Error","message":"Call to undefined function handle_sync_students_get()","file":"/home1/siloecom/sistema.siloe.com.py/api/sync.php","line":7}
[2026-02-24 09:08:03] litespeed.181.124.224.197 [ERROR] PHP error {"type":"Notice","message":"ob_clean(): Failed to delete buffer. No buffer to delete","file":"/home1/siloecom/sistema.siloe.com.py/app/bootstrap_core.php","line":39}
[2026-02-24 09:09:03] litespeed.181.124.224.197 [ERROR] Uncaught exception {"type":"Error","message":"Call to undefined function handle_sync_students_get()","file":"/home1/siloecom/sistema.siloe.com.py/api/sync.php","line":7}
[2026-02-24 09:09:03] litespeed.181.124.224.197 [ERROR] PHP error {"type":"Notice","message":"ob_clean(): Failed to delete buffer. No buffer to delete","file":"/home1/siloecom/sistema.siloe.com.py/app/bootstrap_core.php","line":39}
[2026-02-24 09:10:04] litespeed.181.124.224.197 [ERROR] Uncaught exception {"type":"Error","message":"Call to undefined function handle_sync_students_get()","file":"/home1/siloecom/sistema.siloe.com.py/api/sync.php","line":7}
[2026-02-24 09:10:04] litespeed.181.124.224.197 [ERROR] PHP error {"type":"Notice","message":"ob_clean(): Failed to delete buffer. No buffer to delete","file":"/home1/siloecom/sistema.siloe.com.py/app/bootstrap_core.php","line":39}
[2026-02-24 09:11:03] litespeed.181.124.224.197 [ERROR] Uncaught exception {"type":"Error","message":"Call to undefined function handle_sync_students_get()","file":"/home1/siloecom/sistema.siloe.com.py/api/sync.php","line":7}
[2026-02-24 09:11:03] litespeed.181.124.224.197 [ERROR] PHP error {"type":"Notice","message":"ob_clean(): Failed to delete buffer. No buffer to delete","file":"/home1/siloecom/sistema.siloe.com.py/app/bootstrap_core.php","line":39}
[2026-02-24 09:12:05] litespeed.181.124.224.197 [ERROR] Uncaught exception {"type":"Error","message":"Call to undefined function handle_sync_students_get()","file":"/home1/siloecom/sistema.siloe.com.py/api/sync.php","line":7}
[2026-02-24 09:12:05] litespeed.181.124.224.197 [ERROR] PHP error {"type":"Notice","message":"ob_clean(): Failed to delete buffer. No buffer to delete","file":"/home1/siloecom/sistema.siloe.com.py/app/bootstrap_core.php","line":39}
[2026-02-24 09:13:03] litespeed.181.124.224.197 [ERROR] Uncaught exception {"type":"Error","message":"Call to undefined function handle_sync_students_get()","file":"/home1/siloecom/sistema.siloe.com.py/api/sync.php","line":7}
[2026-02-24 09:13:03] litespeed.181.124.224.197 [ERROR] PHP error {"type":"Notice","message":"ob_clean(): Failed to delete buffer. No buffer to delete","file":"/home1/siloecom/sistema.siloe.com.py/app/bootstrap_core.php","line":39}
[2026-02-24 09:14:03] litespeed.181.124.224.197 [ERROR] Uncaught exception {"type":"Error","message":"Call to undefined function handle_sync_students_get()","file":"/home1/siloecom/sistema.siloe.com.py/api/sync.php","line":7}
[2026-02-24 09:14:03] litespeed.181.124.224.197 [ERROR] PHP error {"type":"Notice","message":"ob_clean(): Failed to delete buffer. No buffer to delete","file":"/home1/siloecom/sistema.siloe.com.py/app/bootstrap_core.php","line":39}
[2026-02-24 09:15:03] litespeed.181.124.224.197 [ERROR] Uncaught exception {"type":"Error","message":"Call to undefined function handle_sync_students_get()","file":"/home1/siloecom/sistema.siloe.com.py/api/sync.php","line":7}
[2026-02-24 09:15:03] litespeed.181.124.224.197 [ERROR] PHP error {"type":"Notice","message":"ob_clean(): Failed to delete buffer. No buffer to delete","file":"/home1/siloecom/sistema.siloe.com.py/app/bootstrap_core.php","line":39}
[2026-02-24 09:16:03] litespeed.181.124.224.197 [ERROR] Uncaught exception {"type":"Error","message":"Call to undefined function handle_sync_students_get()","file":"/home1/siloecom/sistema.siloe.com.py/api/sync.php","line":7}
[2026-02-24 09:16:03] litespeed.181.124.224.197 [ERROR] PHP error {"type":"Notice","message":"ob_clean(): Failed to delete buffer. No buffer to delete","file":"/home1/siloecom/sistema.siloe.com.py/app/bootstrap_core.php","line":39}
[2026-02-24 09:17:02] litespeed.181.124.224.197 [ERROR] Uncaught exception {"type":"Error","message":"Call to undefined function handle_sync_students_get()","file":"/home1/siloecom/sistema.siloe.com.py/api/sync.php","line":7}
[2026-02-24 09:17:02] litespeed.181.124.224.197 [ERROR] PHP error {"type":"Notice","message":"ob_clean(): Failed to delete buffer. No buffer to delete","file":"/home1/siloecom/sistema.siloe.com.py/app/bootstrap_core.php","line":39}
[2026-02-24 09:18:04] litespeed.181.124.224.197 [ERROR] Uncaught exception {"type":"Error","message":"Call to undefined function handle_sync_students_get()","file":"/home1/siloecom/sistema.siloe.com.py/api/sync.php","line":7}
[2026-02-24 09:18:04] litespeed.181.124.224.197 [ERROR] PHP error {"type":"Notice","message":"ob_clean(): Failed to delete buffer. No buffer to delete","file":"/home1/siloecom/sistema.siloe.com.py/app/bootstrap_core.php","line":39}
[2026-02-24 09:19:02] litespeed.181.124.224.197 [ERROR] Uncaught exception {"type":"Error","message":"Call to undefined function handle_sync_students_get()","file":"/home1/siloecom/sistema.siloe.com.py/api/sync.php","line":7}
[2026-02-24 09:19:02] litespeed.181.124.224.197 [ERROR] PHP error {"type":"Notice","message":"ob_clean(): Failed to delete buffer. No buffer to delete","file":"/home1/siloecom/sistema.siloe.com.py/app/bootstrap_core.php","line":39}
[2026-02-24 09:20:03] litespeed.181.124.224.197 [ERROR] Uncaught exception {"type":"Error","message":"Call to undefined function handle_sync_students_get()","file":"/home1/siloecom/sistema.siloe.com.py/api/sync.php","line":7}
[2026-02-24 09:20:03] litespeed.181.124.224.197 [ERROR] PHP error {"type":"Notice","message":"ob_clean(): Failed to delete buffer. No buffer to delete","file":"/home1/siloecom/sistema.siloe.com.py/app/bootstrap_core.php","line":39}
[2026-02-24 09:21:03] litespeed.181.124.224.197 [ERROR] Uncaught exception {"type":"Error","message":"Call to undefined function handle_sync_students_get()","file":"/home1/siloecom/sistema.siloe.com.py/api/sync.php","line":7}
[2026-02-24 09:21:03] litespeed.181.124.224.197 [ERROR] PHP error {"type":"Notice","message":"ob_clean(): Failed to delete buffer. No buffer to delete","file":"/home1/siloecom/sistema.siloe.com.py/app/bootstrap_core.php","line":39}
[2026-02-24 09:21:39] litespeed.181.124.224.197 [ERROR] Uncaught exception {"type":"Error","message":"Call to undefined function handle_sync_students_get()","file":"/home1/siloecom/sistema.siloe.com.py/api/sync.php","line":7}
[2026-02-24 09:21:39] litespeed.181.124.224.197 [ERROR] PHP error {"type":"Notice","message":"ob_clean(): Failed to delete buffer. No buffer to delete","file":"/home1/siloecom/sistema.siloe.com.py/app/bootstrap_core.php","line":39}
[2026-02-24 09:22:04] litespeed.181.124.224.197 [ERROR] Uncaught exception {"type":"Error","message":"Call to undefined function handle_sync_students_get()","file":"/home1/siloecom/sistema.siloe.com.py/api/sync.php","line":7}
[2026-02-24 09:22:04] litespeed.181.124.224.197 [ERROR] PHP error {"type":"Notice","message":"ob_clean(): Failed to delete buffer. No buffer to delete","file":"/home1/siloecom/sistema.siloe.com.py/app/bootstrap_core.php","line":39}
[2026-02-24 09:23:04] litespeed.181.124.224.197 [ERROR] Uncaught exception {"type":"Error","message":"Call to undefined function handle_sync_students_get()","file":"/home1/siloecom/sistema.siloe.com.py/api/sync.php","line":7}
[2026-02-24 09:23:04] litespeed.181.124.224.197 [ERROR] PHP error {"type":"Notice","message":"ob_clean(): Failed to delete buffer. No buffer to delete","file":"/home1/siloecom/sistema.siloe.com.py/app/bootstrap_core.php","line":39}
[2026-02-24 09:24:00] litespeed.181.124.224.197 [ERROR] Uncaught exception {"type":"Error","message":"Call to undefined function db_fetch_all()","file":"/home1/siloecom/sistema.siloe.com.py/api/sync.php","line":88}
[2026-02-24 09:24:00] litespeed.181.124.224.197 [ERROR] PHP error {"type":"Notice","message":"ob_clean(): Failed to delete buffer. No buffer to delete","file":"/home1/siloecom/sistema.siloe.com.py/app/bootstrap_core.php","line":39}
[2026-02-24 09:24:03] litespeed.181.124.224.197 [ERROR] Uncaught exception {"type":"Error","message":"Call to undefined function db_fetch_all()","file":"/home1/siloecom/sistema.siloe.com.py/api/sync.php","line":88}
[2026-02-24 09:24:03] litespeed.181.124.224.197 [ERROR] PHP error {"type":"Notice","message":"ob_clean(): Failed to delete buffer. No buffer to delete","file":"/home1/siloecom/sistema.siloe.com.py/app/bootstrap_core.php","line":39}
[2026-02-24 09:25:03] litespeed.181.124.224.197 [ERROR] Uncaught exception {"type":"Error","message":"Call to undefined function db_fetch_all()","file":"/home1/siloecom/sistema.siloe.com.py/api/sync.php","line":88}
[2026-02-24 09:25:03] litespeed.181.124.224.197 [ERROR] PHP error {"type":"Notice","message":"ob_clean(): Failed to delete buffer. No buffer to delete","file":"/home1/siloecom/sistema.siloe.com.py/app/bootstrap_core.php","line":39}
[2026-02-24 09:26:03] litespeed.181.124.224.197 [ERROR] Uncaught exception {"type":"Error","message":"Call to undefined function db_fetch_all()","file":"/home1/siloecom/sistema.siloe.com.py/api/sync.php","line":88}
[2026-02-24 09:26:03] litespeed.181.124.224.197 [ERROR] PHP error {"type":"Notice","message":"ob_clean(): Failed to delete buffer. No buffer to delete","file":"/home1/siloecom/sistema.siloe.com.py/app/bootstrap_core.php","line":39}
[2026-02-24 09:27:03] litespeed.181.124.224.197 [ERROR] Uncaught exception {"type":"Error","message":"Call to undefined function db_fetch_all()","file":"/home1/siloecom/sistema.siloe.com.py/api/sync.php","line":88}
[2026-02-24 09:27:03] litespeed.181.124.224.197 [ERROR] PHP error {"type":"Notice","message":"ob_clean(): Failed to delete buffer. No buffer to delete","file":"/home1/siloecom/sistema.siloe.com.py/app/bootstrap_core.php","line":39}
[2026-02-24 09:28:04] litespeed.181.124.224.197 [ERROR] Uncaught exception {"type":"Error","message":"Call to undefined function db_fetch_all()","file":"/home1/siloecom/sistema.siloe.com.py/api/sync.php","line":88}
[2026-02-24 09:28:04] litespeed.181.124.224.197 [ERROR] PHP error {"type":"Notice","message":"ob_clean(): Failed to delete buffer. No buffer to delete","file":"/home1/siloecom/sistema.siloe.com.py/app/bootstrap_core.php","line":39}
[2026-02-24 09:29:03] litespeed.181.124.224.197 [ERROR] Uncaught exception {"type":"Error","message":"Call to undefined function db_fetch_all()","file":"/home1/siloecom/sistema.siloe.com.py/api/sync.php","line":88}
[2026-02-24 09:29:03] litespeed.181.124.224.197 [ERROR] PHP error {"type":"Notice","message":"ob_clean(): Failed to delete buffer. No buffer to delete","file":"/home1/siloecom/sistema.siloe.com.py/app/bootstrap_core.php","line":39}
[2026-02-24 09:30:02] litespeed.181.124.224.197 [ERROR] Uncaught exception {"type":"Error","message":"Call to undefined function db_fetch_all()","file":"/home1/siloecom/sistema.siloe.com.py/api/sync.php","line":88}
[2026-02-24 09:30:02] litespeed.181.124.224.197 [ERROR] PHP error {"type":"Notice","message":"ob_clean(): Failed to delete buffer. No buffer to delete","file":"/home1/siloecom/sistema.siloe.com.py/app/bootstrap_core.php","line":39}
[2026-02-24 09:31:04] litespeed.181.124.224.197 [ERROR] Uncaught exception {"type":"Error","message":"Call to undefined function db_fetch_all()","file":"/home1/siloecom/sistema.siloe.com.py/api/sync.php","line":88}
[2026-02-24 09:31:04] litespeed.181.124.224.197 [ERROR] PHP error {"type":"Notice","message":"ob_clean(): Failed to delete buffer. No buffer to delete","file":"/home1/siloecom/sistema.siloe.com.py/app/bootstrap_core.php","line":39}
[2026-02-24 09:32:03] litespeed.181.124.224.197 [ERROR] Uncaught exception {"type":"Error","message":"Call to undefined function db_fetch_all()","file":"/home1/siloecom/sistema.siloe.com.py/api/sync.php","line":88}
[2026-02-24 09:32:03] litespeed.181.124.224.197 [ERROR] PHP error {"type":"Notice","message":"ob_clean(): Failed to delete buffer. No buffer to delete","file":"/home1/siloecom/sistema.siloe.com.py/app/bootstrap_core.php","line":39}
[2026-02-24 09:33:04] litespeed.181.124.224.197 [ERROR] Uncaught exception {"type":"Error","message":"Call to undefined function db_fetch_all()","file":"/home1/siloecom/sistema.siloe.com.py/api/sync.php","line":88}
[2026-02-24 09:33:04] litespeed.181.124.224.197 [ERROR] PHP error {"type":"Notice","message":"ob_clean(): Failed to delete buffer. No buffer to delete","file":"/home1/siloecom/sistema.siloe.com.py/app/bootstrap_core.php","line":39}
[2026-02-24 09:34:03] litespeed.181.124.224.197 [ERROR] Uncaught exception {"type":"Error","message":"Call to undefined function db_fetch_all()","file":"/home1/siloecom/sistema.siloe.com.py/api/sync.php","line":88}
[2026-02-24 09:34:03] litespeed.181.124.224.197 [ERROR] PHP error {"type":"Notice","message":"ob_clean(): Failed to delete buffer. No buffer to delete","file":"/home1/siloecom/sistema.siloe.com.py/app/bootstrap_core.php","line":39}
[2026-02-24 09:35:04] litespeed.181.124.224.197 [ERROR] Uncaught exception {"type":"Error","message":"Call to undefined function db_fetch_all()","file":"/home1/siloecom/sistema.siloe.com.py/api/sync.php","line":88}
[2026-02-24 09:35:04] litespeed.181.124.224.197 [ERROR] PHP error {"type":"Notice","message":"ob_clean(): Failed to delete buffer. No buffer to delete","file":"/home1/siloecom/sistema.siloe.com.py/app/bootstrap_core.php","line":39}
[2026-02-24 09:36:02] litespeed.181.124.224.197 [ERROR] Uncaught exception {"type":"Error","message":"Call to undefined function db_fetch_all()","file":"/home1/siloecom/sistema.siloe.com.py/api/sync.php","line":88}
[2026-02-24 09:36:02] litespeed.181.124.224.197 [ERROR] PHP error {"type":"Notice","message":"ob_clean(): Failed to delete buffer. No buffer to delete","file":"/home1/siloecom/sistema.siloe.com.py/app/bootstrap_core.php","line":39}
[2026-02-24 09:37:03] litespeed.181.124.224.197 [ERROR] Uncaught exception {"type":"Error","message":"Call to undefined function db_fetch_all()","file":"/home1/siloecom/sistema.siloe.com.py/api/sync.php","line":88}
[2026-02-24 09:37:03] litespeed.181.124.224.197 [ERROR] PHP error {"type":"Notice","message":"ob_clean(): Failed to delete buffer. No buffer to delete","file":"/home1/siloecom/sistema.siloe.com.py/app/bootstrap_core.php","line":39}
[2026-02-24 09:38:03] litespeed.181.124.224.197 [ERROR] Uncaught exception {"type":"Error","message":"Call to undefined function db_fetch_all()","file":"/home1/siloecom/sistema.siloe.com.py/api/sync.php","line":88}
[2026-02-24 09:38:03] litespeed.181.124.224.197 [ERROR] PHP error {"type":"Notice","message":"ob_clean(): Failed to delete buffer. No buffer to delete","file":"/home1/siloecom/sistema.siloe.com.py/app/bootstrap_core.php","line":39}
[2026-02-24 09:39:02] litespeed.181.124.224.197 [ERROR] Uncaught exception {"type":"Error","message":"Call to undefined function db_fetch_all()","file":"/home1/siloecom/sistema.siloe.com.py/api/sync.php","line":88}
[2026-02-24 09:39:02] litespeed.181.124.224.197 [ERROR] PHP error {"type":"Notice","message":"ob_clean(): Failed to delete buffer. No buffer to delete","file":"/home1/siloecom/sistema.siloe.com.py/app/bootstrap_core.php","line":39}
[2026-02-24 09:40:04] litespeed.181.124.224.197 [ERROR] Uncaught exception {"type":"Error","message":"Call to undefined function db_fetch_all()","file":"/home1/siloecom/sistema.siloe.com.py/api/sync.php","line":88}
[2026-02-24 09:40:04] litespeed.181.124.224.197 [ERROR] PHP error {"type":"Notice","message":"ob_clean(): Failed to delete buffer. No buffer to delete","file":"/home1/siloecom/sistema.siloe.com.py/app/bootstrap_core.php","line":39}
[2026-02-24 09:41:04] litespeed.181.124.224.197 [ERROR] Uncaught exception {"type":"Error","message":"Call to undefined function db_fetch_all()","file":"/home1/siloecom/sistema.siloe.com.py/api/sync.php","line":88}
[2026-02-24 09:41:04] litespeed.181.124.224.197 [ERROR] PHP error {"type":"Notice","message":"ob_clean(): Failed to delete buffer. No buffer to delete","file":"/home1/siloecom/sistema.siloe.com.py/app/bootstrap_core.php","line":39}
[2026-02-24 09:42:04] litespeed.181.124.224.197 [ERROR] Uncaught exception {"type":"Error","message":"Call to undefined function db_fetch_all()","file":"/home1/siloecom/sistema.siloe.com.py/api/sync.php","line":88}
[2026-02-24 09:42:04] litespeed.181.124.224.197 [ERROR] PHP error {"type":"Notice","message":"ob_clean(): Failed to delete buffer. No buffer to delete","file":"/home1/siloecom/sistema.siloe.com.py/app/bootstrap_core.php","line":39}
[2026-02-24 09:43:03] litespeed.181.124.224.197 [ERROR] Uncaught exception {"type":"Error","message":"Call to undefined function db_fetch_all()","file":"/home1/siloecom/sistema.siloe.com.py/api/sync.php","line":88}
[2026-02-24 09:43:03] litespeed.181.124.224.197 [ERROR] PHP error {"type":"Notice","message":"ob_clean(): Failed to delete buffer. No buffer to delete","file":"/home1/siloecom/sistema.siloe.com.py/app/bootstrap_core.php","line":39}
[2026-02-24 09:44:03] litespeed.181.124.224.197 [ERROR] Uncaught exception {"type":"Error","message":"Call to undefined function db_fetch_all()","file":"/home1/siloecom/sistema.siloe.com.py/api/sync.php","line":88}
[2026-02-24 09:44:03] litespeed.181.124.224.197 [ERROR] PHP error {"type":"Notice","message":"ob_clean(): Failed to delete buffer. No buffer to delete","file":"/home1/siloecom/sistema.siloe.com.py/app/bootstrap_core.php","line":39}
[2026-02-24 09:45:03] litespeed.181.124.224.197 [ERROR] Uncaught exception {"type":"Error","message":"Call to undefined function db_fetch_all()","file":"/home1/siloecom/sistema.siloe.com.py/api/sync.php","line":88}
[2026-02-24 09:45:03] litespeed.181.124.224.197 [ERROR] PHP error {"type":"Notice","message":"ob_clean(): Failed to delete buffer. No buffer to delete","file":"/home1/siloecom/sistema.siloe.com.py/app/bootstrap_core.php","line":39}
[2026-02-24 09:46:02] litespeed.181.124.224.197 [ERROR] Uncaught exception {"type":"Error","message":"Call to undefined function db_fetch_all()","file":"/home1/siloecom/sistema.siloe.com.py/api/sync.php","line":88}
[2026-02-24 09:46:02] litespeed.181.124.224.197 [ERROR] PHP error {"type":"Notice","message":"ob_clean(): Failed to delete buffer. No buffer to delete","file":"/home1/siloecom/sistema.siloe.com.py/app/bootstrap_core.php","line":39}
[2026-02-24 09:47:02] litespeed.181.124.224.197 [ERROR] Uncaught exception {"type":"Error","message":"Call to undefined function db_fetch_all()","file":"/home1/siloecom/sistema.siloe.com.py/api/sync.php","line":88}
[2026-02-24 09:47:02] litespeed.181.124.224.197 [ERROR] PHP error {"type":"Notice","message":"ob_clean(): Failed to delete buffer. No buffer to delete","file":"/home1/siloecom/sistema.siloe.com.py/app/bootstrap_core.php","line":39}
[2026-02-24 09:48:03] litespeed.181.124.224.197 [ERROR] Uncaught exception {"type":"Error","message":"Call to undefined function db_fetch_all()","file":"/home1/siloecom/sistema.siloe.com.py/api/sync.php","line":88}
[2026-02-24 09:48:03] litespeed.181.124.224.197 [ERROR] PHP error {"type":"Notice","message":"ob_clean(): Failed to delete buffer. No buffer to delete","file":"/home1/siloecom/sistema.siloe.com.py/app/bootstrap_core.php","line":39}
[2026-02-24 09:49:03] litespeed.181.124.224.197 [ERROR] Uncaught exception {"type":"Error","message":"Call to undefined function db_fetch_all()","file":"/home1/siloecom/sistema.siloe.com.py/api/sync.php","line":88}
[2026-02-24 09:49:03] litespeed.181.124.224.197 [ERROR] PHP error {"type":"Notice","message":"ob_clean(): Failed to delete buffer. No buffer to delete","file":"/home1/siloecom/sistema.siloe.com.py/app/bootstrap_core.php","line":39}
[2026-02-24 09:49:17] litespeed.181.124.224.197 [ERROR] PHP error {"type":"Warning","message":"Undefined array key \"updated_at\"","file":"/home1/siloecom/sistema.siloe.com.py/app/domain.php","line":102}
[2026-02-24 09:49:17] litespeed.181.124.224.197 [ERROR] PHP error {"type":"Warning","message":"Undefined array key \"updated_at\"","file":"/home1/siloecom/sistema.siloe.com.py/app/domain.php","line":102}
[2026-02-24 09:49:17] litespeed.181.124.224.197 [ERROR] PHP error {"type":"Warning","message":"Undefined array key \"updated_at\"","file":"/home1/siloecom/sistema.siloe.com.py/app/domain.php","line":102}
[2026-02-24 09:49:17] litespeed.181.124.224.197 [ERROR] PHP error {"type":"Warning","message":"Undefined array key \"updated_at\"","file":"/home1/siloecom/sistema.siloe.com.py/app/domain.php","line":102}
[2026-02-24 09:49:17] litespeed.181.124.224.197 [ERROR] PHP error {"type":"Warning","message":"Undefined array key \"updated_at\"","file":"/home1/siloecom/sistema.siloe.com.py/app/domain.php","line":102}
[2026-02-24 09:49:17] litespeed.181.124.224.197 [ERROR] PHP error {"type":"Warning","message":"Undefined array key \"updated_at\"","file":"/home1/siloecom/sistema.siloe.com.py/app/domain.php","line":102}
[2026-02-24 09:49:17] litespeed.181.124.224.197 [ERROR] PHP error {"type":"Warning","message":"Undefined array key \"updated_at\"","file":"/home1/siloecom/sistema.siloe.com.py/app/domain.php","line":102}
[2026-02-24 09:49:28] litespeed.181.124.224.197 [ERROR] PHP error {"type":"Warning","message":"Undefined array key \"updated_at\"","file":"/home1/siloecom/sistema.siloe.com.py/app/domain.php","line":102}
[2026-02-24 09:49:28] litespeed.181.124.224.197 [ERROR] PHP error {"type":"Warning","message":"Undefined array key \"updated_at\"","file":"/home1/siloecom/sistema.siloe.com.py/app/domain.php","line":102}
[2026-02-24 09:49:28] litespeed.181.124.224.197 [ERROR] PHP error {"type":"Warning","message":"Undefined array key \"updated_at\"","file":"/home1/siloecom/sistema.siloe.com.py/app/domain.php","line":102}
[2026-02-24 09:49:28] litespeed.181.124.224.197 [ERROR] PHP error {"type":"Warning","message":"Undefined array key \"updated_at\"","file":"/home1/siloecom/sistema.siloe.com.py/app/domain.php","line":102}
[2026-02-24 09:49:28] litespeed.181.124.224.197 [ERROR] PHP error {"type":"Warning","message":"Undefined array key \"updated_at\"","file":"/home1/siloecom/sistema.siloe.com.py/app/domain.php","line":102}
[2026-02-24 09:49:28] litespeed.181.124.224.197 [ERROR] PHP error {"type":"Warning","message":"Undefined array key \"updated_at\"","file":"/home1/siloecom/sistema.siloe.com.py/app/domain.php","line":102}
[2026-02-24 09:49:28] litespeed.181.124.224.197 [ERROR] PHP error {"type":"Warning","message":"Undefined array key \"updated_at\"","file":"/home1/siloecom/sistema.siloe.com.py/app/domain.php","line":102}
[2026-02-24 09:49:44] litespeed.181.124.224.197 [ERROR] PHP error {"type":"Warning","message":"Undefined array key \"updated_at\"","file":"/home1/siloecom/sistema.siloe.com.py/app/domain.php","line":102}
[2026-02-24 09:49:44] litespeed.181.124.224.197 [ERROR] PHP error {"type":"Warning","message":"Undefined array key \"updated_at\"","file":"/home1/siloecom/sistema.siloe.com.py/app/domain.php","line":102}
[2026-02-24 09:49:44] litespeed.181.124.224.197 [ERROR] PHP error {"type":"Warning","message":"Undefined array key \"updated_at\"","file":"/home1/siloecom/sistema.siloe.com.py/app/domain.php","line":102}
[2026-02-24 09:49:44] litespeed.181.124.224.197 [ERROR] PHP error {"type":"Warning","message":"Undefined array key \"updated_at\"","file":"/home1/siloecom/sistema.siloe.com.py/app/domain.php","line":102}
[2026-02-24 09:49:44] litespeed.181.124.224.197 [ERROR] PHP error {"type":"Warning","message":"Undefined array key \"updated_at\"","file":"/home1/siloecom/sistema.siloe.com.py/app/domain.php","line":102}
[2026-02-24 09:49:44] litespeed.181.124.224.197 [ERROR] PHP error {"type":"Warning","message":"Undefined array key \"updated_at\"","file":"/home1/siloecom/sistema.siloe.com.py/app/domain.php","line":102}
[2026-02-24 09:49:44] litespeed.181.124.224.197 [ERROR] PHP error {"type":"Warning","message":"Undefined array key \"updated_at\"","file":"/home1/siloecom/sistema.siloe.com.py/app/domain.php","line":102}
[2026-02-24 09:49:44] litespeed.181.124.224.197 [ERROR] PHP error {"type":"Warning","message":"Undefined array key \"updated_at\"","file":"/home1/siloecom/sistema.siloe.com.py/app/domain.php","line":102}
[2026-02-24 09:49:58] litespeed.181.124.224.197 [ERROR] PHP error {"type":"Warning","message":"Undefined array key \"updated_at\"","file":"/home1/siloecom/sistema.siloe.com.py/app/domain.php","line":102}
[2026-02-24 09:49:59] litespeed.181.124.224.197 [ERROR] PHP error {"type":"Warning","message":"Undefined array key \"updated_at\"","file":"/home1/siloecom/sistema.siloe.com.py/app/domain.php","line":102}
[2026-02-24 09:49:59] litespeed.181.124.224.197 [ERROR] PHP error {"type":"Warning","message":"Undefined array key \"updated_at\"","file":"/home1/siloecom/sistema.siloe.com.py/app/domain.php","line":102}
[2026-02-24 09:49:59] litespeed.181.124.224.197 [ERROR] PHP error {"type":"Warning","message":"Undefined array key \"updated_at\"","file":"/home1/siloecom/sistema.siloe.com.py/app/domain.php","line":102}
[2026-02-24 09:49:59] litespeed.181.124.224.197 [ERROR] PHP error {"type":"Warning","message":"Undefined array key \"updated_at\"","file":"/home1/siloecom/sistema.siloe.com.py/app/domain.php","line":102}
[2026-02-24 09:49:59] litespeed.181.124.224.197 [ERROR] PHP error {"type":"Warning","message":"Undefined array key \"updated_at\"","file":"/home1/siloecom/sistema.siloe.com.py/app/domain.php","line":102}
[2026-02-24 09:49:59] litespeed.181.124.224.197 [ERROR] PHP error {"type":"Warning","message":"Undefined array key \"updated_at\"","file":"/home1/siloecom/sistema.siloe.com.py/app/domain.php","line":102}
[2026-02-24 09:49:59] litespeed.181.124.224.197 [ERROR] PHP error {"type":"Warning","message":"Undefined array key \"updated_at\"","file":"/home1/siloecom/sistema.siloe.com.py/app/domain.php","line":102}
[2026-02-24 09:50:02] litespeed.181.124.224.197 [ERROR] Uncaught exception {"type":"Error","message":"Call to undefined function db_fetch_all()","file":"/home1/siloecom/sistema.siloe.com.py/api/sync.php","line":88}
[2026-02-24 09:50:02] litespeed.181.124.224.197 [ERROR] PHP error {"type":"Notice","message":"ob_clean(): Failed to delete buffer. No buffer to delete","file":"/home1/siloecom/sistema.siloe.com.py/app/bootstrap_core.php","line":39}
[2026-02-24 09:51:03] litespeed.181.124.224.197 [ERROR] Uncaught exception {"type":"Error","message":"Call to undefined function db_fetch_all()","file":"/home1/siloecom/sistema.siloe.com.py/api/sync.php","line":88}
[2026-02-24 09:51:03] litespeed.181.124.224.197 [ERROR] PHP error {"type":"Notice","message":"ob_clean(): Failed to delete buffer. No buffer to delete","file":"/home1/siloecom/sistema.siloe.com.py/app/bootstrap_core.php","line":39}
[2026-02-24 09:52:03] litespeed.181.124.224.197 [ERROR] Uncaught exception {"type":"Error","message":"Call to undefined function db_fetch_all()","file":"/home1/siloecom/sistema.siloe.com.py/api/sync.php","line":88}
[2026-02-24 09:52:03] litespeed.181.124.224.197 [ERROR] PHP error {"type":"Notice","message":"ob_clean(): Failed to delete buffer. No buffer to delete","file":"/home1/siloecom/sistema.siloe.com.py/app/bootstrap_core.php","line":39}
[2026-02-24 09:53:05] litespeed.181.124.224.197 [ERROR] Uncaught exception {"type":"Error","message":"Call to undefined function db_fetch_all()","file":"/home1/siloecom/sistema.siloe.com.py/api/sync.php","line":88}
[2026-02-24 09:53:05] litespeed.181.124.224.197 [ERROR] PHP error {"type":"Notice","message":"ob_clean(): Failed to delete buffer. No buffer to delete","file":"/home1/siloecom/sistema.siloe.com.py/app/bootstrap_core.php","line":39}
[2026-02-24 09:54:05] litespeed.181.124.224.197 [ERROR] Uncaught exception {"type":"Error","message":"Call to undefined function db_fetch_all()","file":"/home1/siloecom/sistema.siloe.com.py/api/sync.php","line":88}
[2026-02-24 09:54:05] litespeed.181.124.224.197 [ERROR] PHP error {"type":"Notice","message":"ob_clean(): Failed to delete buffer. No buffer to delete","file":"/home1/siloecom/sistema.siloe.com.py/app/bootstrap_core.php","line":39}
[2026-02-24 09:55:03] litespeed.181.124.224.197 [ERROR] Uncaught exception {"type":"Error","message":"Call to undefined function db_fetch_all()","file":"/home1/siloecom/sistema.siloe.com.py/api/sync.php","line":88}
[2026-02-24 09:55:03] litespeed.181.124.224.197 [ERROR] PHP error {"type":"Notice","message":"ob_clean(): Failed to delete buffer. No buffer to delete","file":"/home1/siloecom/sistema.siloe.com.py/app/bootstrap_core.php","line":39}
[2026-02-24 09:56:03] litespeed.181.124.224.197 [ERROR] Uncaught exception {"type":"Error","message":"Call to undefined function db_fetch_all()","file":"/home1/siloecom/sistema.siloe.com.py/api/sync.php","line":88}
[2026-02-24 09:56:03] litespeed.181.124.224.197 [ERROR] PHP error {"type":"Notice","message":"ob_clean(): Failed to delete buffer. No buffer to delete","file":"/home1/siloecom/sistema.siloe.com.py/app/bootstrap_core.php","line":39}
[2026-02-24 09:57:03] litespeed.181.124.224.197 [ERROR] Uncaught exception {"type":"Error","message":"Call to undefined function db_fetch_all()","file":"/home1/siloecom/sistema.siloe.com.py/api/sync.php","line":88}
[2026-02-24 09:57:03] litespeed.181.124.224.197 [ERROR] PHP error {"type":"Notice","message":"ob_clean(): Failed to delete buffer. No buffer to delete","file":"/home1/siloecom/sistema.siloe.com.py/app/bootstrap_core.php","line":39}
[2026-02-24 09:58:03] litespeed.181.124.224.197 [ERROR] Uncaught exception {"type":"Error","message":"Call to undefined function db_fetch_all()","file":"/home1/siloecom/sistema.siloe.com.py/api/sync.php","line":88}
[2026-02-24 09:58:03] litespeed.181.124.224.197 [ERROR] PHP error {"type":"Notice","message":"ob_clean(): Failed to delete buffer. No buffer to delete","file":"/home1/siloecom/sistema.siloe.com.py/app/bootstrap_core.php","line":39}
[2026-02-24 09:59:02] litespeed.181.124.224.197 [ERROR] Uncaught exception {"type":"Error","message":"Call to undefined function db_fetch_all()","file":"/home1/siloecom/sistema.siloe.com.py/api/sync.php","line":88}
[2026-02-24 09:59:02] litespeed.181.124.224.197 [ERROR] PHP error {"type":"Notice","message":"ob_clean(): Failed to delete buffer. No buffer to delete","file":"/home1/siloecom/sistema.siloe.com.py/app/bootstrap_core.php","line":39}
[2026-02-24 10:01:03] litespeed.181.124.224.197 [ERROR] Uncaught exception {"type":"Error","message":"Call to undefined function db_fetch_all()","file":"/home1/siloecom/sistema.siloe.com.py/api/sync.php","line":88}
[2026-02-24 10:01:03] litespeed.181.124.224.197 [ERROR] PHP error {"type":"Notice","message":"ob_clean(): Failed to delete buffer. No buffer to delete","file":"/home1/siloecom/sistema.siloe.com.py/app/bootstrap_core.php","line":39}
[2026-02-24 10:02:04] litespeed.181.124.224.197 [ERROR] Uncaught exception {"type":"Error","message":"Call to undefined function db_fetch_all()","file":"/home1/siloecom/sistema.siloe.com.py/api/sync.php","line":88}
[2026-02-24 10:02:04] litespeed.181.124.224.197 [ERROR] PHP error {"type":"Notice","message":"ob_clean(): Failed to delete buffer. No buffer to delete","file":"/home1/siloecom/sistema.siloe.com.py/app/bootstrap_core.php","line":39}
[2026-02-24 10:03:02] litespeed.181.124.224.197 [ERROR] Uncaught exception {"type":"Error","message":"Call to undefined function db_fetch_all()","file":"/home1/siloecom/sistema.siloe.com.py/api/sync.php","line":88}
[2026-02-24 10:03:02] litespeed.181.124.224.197 [ERROR] PHP error {"type":"Notice","message":"ob_clean(): Failed to delete buffer. No buffer to delete","file":"/home1/siloecom/sistema.siloe.com.py/app/bootstrap_core.php","line":39}
[2026-02-24 10:04:03] litespeed.181.124.224.197 [ERROR] Uncaught exception {"type":"Error","message":"Call to undefined function db_fetch_all()","file":"/home1/siloecom/sistema.siloe.com.py/api/sync.php","line":88}
[2026-02-24 10:04:03] litespeed.181.124.224.197 [ERROR] PHP error {"type":"Notice","message":"ob_clean(): Failed to delete buffer. No buffer to delete","file":"/home1/siloecom/sistema.siloe.com.py/app/bootstrap_core.php","line":39}
[2026-02-24 10:05:03] litespeed.181.124.224.197 [ERROR] Uncaught exception {"type":"Error","message":"Call to undefined function db_fetch_all()","file":"/home1/siloecom/sistema.siloe.com.py/api/sync.php","line":88}
[2026-02-24 10:05:03] litespeed.181.124.224.197 [ERROR] PHP error {"type":"Notice","message":"ob_clean(): Failed to delete buffer. No buffer to delete","file":"/home1/siloecom/sistema.siloe.com.py/app/bootstrap_core.php","line":39}
[2026-02-24 10:06:05] litespeed.181.124.224.197 [ERROR] Uncaught exception {"type":"Error","message":"Call to undefined function db_fetch_all()","file":"/home1/siloecom/sistema.siloe.com.py/api/sync.php","line":88}
[2026-02-24 10:06:05] litespeed.181.124.224.197 [ERROR] PHP error {"type":"Notice","message":"ob_clean(): Failed to delete buffer. No buffer to delete","file":"/home1/siloecom/sistema.siloe.com.py/app/bootstrap_core.php","line":39}
[2026-02-24 10:07:05] litespeed.181.124.224.197 [ERROR] Uncaught exception {"type":"Error","message":"Call to undefined function db_fetch_all()","file":"/home1/siloecom/sistema.siloe.com.py/api/sync.php","line":88}
[2026-02-24 10:07:05] litespeed.181.124.224.197 [ERROR] PHP error {"type":"Notice","message":"ob_clean(): Failed to delete buffer. No buffer to delete","file":"/home1/siloecom/sistema.siloe.com.py/app/bootstrap_core.php","line":39}
[2026-02-24 10:08:05] litespeed.181.124.224.197 [ERROR] Uncaught exception {"type":"Error","message":"Call to undefined function db_fetch_all()","file":"/home1/siloecom/sistema.siloe.com.py/api/sync.php","line":88}
[2026-02-24 10:08:05] litespeed.181.124.224.197 [ERROR] PHP error {"type":"Notice","message":"ob_clean(): Failed to delete buffer. No buffer to delete","file":"/home1/siloecom/sistema.siloe.com.py/app/bootstrap_core.php","line":39}
[2026-02-24 10:09:03] litespeed.181.124.224.197 [ERROR] Uncaught exception {"type":"Error","message":"Call to undefined function db_fetch_all()","file":"/home1/siloecom/sistema.siloe.com.py/api/sync.php","line":88}
[2026-02-24 10:09:03] litespeed.181.124.224.197 [ERROR] PHP error {"type":"Notice","message":"ob_clean(): Failed to delete buffer. No buffer to delete","file":"/home1/siloecom/sistema.siloe.com.py/app/bootstrap_core.php","line":39}
[2026-02-24 10:10:04] litespeed.181.124.224.197 [ERROR] Uncaught exception {"type":"Error","message":"Call to undefined function db_fetch_all()","file":"/home1/siloecom/sistema.siloe.com.py/api/sync.php","line":88}
[2026-02-24 10:10:04] litespeed.181.124.224.197 [ERROR] PHP error {"type":"Notice","message":"ob_clean(): Failed to delete buffer. No buffer to delete","file":"/home1/siloecom/sistema.siloe.com.py/app/bootstrap_core.php","line":39}
[2026-02-24 10:11:07] litespeed.181.124.224.197 [ERROR] Uncaught exception {"type":"Error","message":"Call to undefined function db_fetch_all()","file":"/home1/siloecom/sistema.siloe.com.py/api/sync.php","line":88}
[2026-02-24 10:11:07] litespeed.181.124.224.197 [ERROR] PHP error {"type":"Notice","message":"ob_clean(): Failed to delete buffer. No buffer to delete","file":"/home1/siloecom/sistema.siloe.com.py/app/bootstrap_core.php","line":39}
[2026-02-24 10:12:04] litespeed.181.124.224.197 [ERROR] Uncaught exception {"type":"Error","message":"Call to undefined function db_fetch_all()","file":"/home1/siloecom/sistema.siloe.com.py/api/sync.php","line":88}
[2026-02-24 10:12:04] litespeed.181.124.224.197 [ERROR] PHP error {"type":"Notice","message":"ob_clean(): Failed to delete buffer. No buffer to delete","file":"/home1/siloecom/sistema.siloe.com.py/app/bootstrap_core.php","line":39}
[2026-02-24 10:13:03] litespeed.181.124.224.197 [ERROR] Uncaught exception {"type":"Error","message":"Call to undefined function db_fetch_all()","file":"/home1/siloecom/sistema.siloe.com.py/api/sync.php","line":88}
[2026-02-24 10:13:03] litespeed.181.124.224.197 [ERROR] PHP error {"type":"Notice","message":"ob_clean(): Failed to delete buffer. No buffer to delete","file":"/home1/siloecom/sistema.siloe.com.py/app/bootstrap_core.php","line":39}
[2026-02-24 10:14:04] litespeed.181.124.224.197 [ERROR] Uncaught exception {"type":"Error","message":"Call to undefined function db_fetch_all()","file":"/home1/siloecom/sistema.siloe.com.py/api/sync.php","line":88}
[2026-02-24 10:14:04] litespeed.181.124.224.197 [ERROR] PHP error {"type":"Notice","message":"ob_clean(): Failed to delete buffer. No buffer to delete","file":"/home1/siloecom/sistema.siloe.com.py/app/bootstrap_core.php","line":39}
[2026-02-24 10:15:03] litespeed.181.124.224.197 [ERROR] Uncaught exception {"type":"Error","message":"Call to undefined function db_fetch_all()","file":"/home1/siloecom/sistema.siloe.com.py/api/sync.php","line":88}
[2026-02-24 10:15:03] litespeed.181.124.224.197 [ERROR] PHP error {"type":"Notice","message":"ob_clean(): Failed to delete buffer. No buffer to delete","file":"/home1/siloecom/sistema.siloe.com.py/app/bootstrap_core.php","line":39}
[2026-02-24 10:16:03] litespeed.181.124.224.197 [ERROR] Uncaught exception {"type":"Error","message":"Call to undefined function db_fetch_all()","file":"/home1/siloecom/sistema.siloe.com.py/api/sync.php","line":88}
[2026-02-24 10:16:03] litespeed.181.124.224.197 [ERROR] PHP error {"type":"Notice","message":"ob_clean(): Failed to delete buffer. No buffer to delete","file":"/home1/siloecom/sistema.siloe.com.py/app/bootstrap_core.php","line":39}
[2026-02-24 10:17:02] litespeed.181.124.224.197 [ERROR] Uncaught exception {"type":"Error","message":"Call to undefined function db_fetch_all()","file":"/home1/siloecom/sistema.siloe.com.py/api/sync.php","line":88}
[2026-02-24 10:17:02] litespeed.181.124.224.197 [ERROR] PHP error {"type":"Notice","message":"ob_clean(): Failed to delete buffer. No buffer to delete","file":"/home1/siloecom/sistema.siloe.com.py/app/bootstrap_core.php","line":39}
[2026-02-24 10:18:03] litespeed.181.124.224.197 [ERROR] Uncaught exception {"type":"Error","message":"Call to undefined function db_fetch_all()","file":"/home1/siloecom/sistema.siloe.com.py/api/sync.php","line":88}
[2026-02-24 10:18:03] litespeed.181.124.224.197 [ERROR] PHP error {"type":"Notice","message":"ob_clean(): Failed to delete buffer. No buffer to delete","file":"/home1/siloecom/sistema.siloe.com.py/app/bootstrap_core.php","line":39}
[2026-02-24 10:19:04] litespeed.181.124.224.197 [ERROR] Uncaught exception {"type":"Error","message":"Call to undefined function db_fetch_all()","file":"/home1/siloecom/sistema.siloe.com.py/api/sync.php","line":88}
[2026-02-24 10:19:04] litespeed.181.124.224.197 [ERROR] PHP error {"type":"Notice","message":"ob_clean(): Failed to delete buffer. No buffer to delete","file":"/home1/siloecom/sistema.siloe.com.py/app/bootstrap_core.php","line":39}
[2026-02-24 10:20:04] litespeed.181.124.224.197 [ERROR] Uncaught exception {"type":"Error","message":"Call to undefined function db_fetch_all()","file":"/home1/siloecom/sistema.siloe.com.py/api/sync.php","line":88}
[2026-02-24 10:20:04] litespeed.181.124.224.197 [ERROR] PHP error {"type":"Notice","message":"ob_clean(): Failed to delete buffer. No buffer to delete","file":"/home1/siloecom/sistema.siloe.com.py/app/bootstrap_core.php","line":39}
[2026-02-24 10:21:04] litespeed.181.124.224.197 [ERROR] Uncaught exception {"type":"Error","message":"Call to undefined function db_fetch_all()","file":"/home1/siloecom/sistema.siloe.com.py/api/sync.php","line":88}
[2026-02-24 10:21:04] litespeed.181.124.224.197 [ERROR] PHP error {"type":"Notice","message":"ob_clean(): Failed to delete buffer. No buffer to delete","file":"/home1/siloecom/sistema.siloe.com.py/app/bootstrap_core.php","line":39}
[2026-02-24 10:22:03] litespeed.181.124.224.197 [ERROR] Uncaught exception {"type":"Error","message":"Call to undefined function db_fetch_all()","file":"/home1/siloecom/sistema.siloe.com.py/api/sync.php","line":88}
[2026-02-24 10:22:03] litespeed.181.124.224.197 [ERROR] PHP error {"type":"Notice","message":"ob_clean(): Failed to delete buffer. No buffer to delete","file":"/home1/siloecom/sistema.siloe.com.py/app/bootstrap_core.php","line":39}
[2026-02-24 10:23:03] litespeed.181.124.224.197 [ERROR] Uncaught exception {"type":"Error","message":"Call to undefined function db_fetch_all()","file":"/home1/siloecom/sistema.siloe.com.py/api/sync.php","line":88}
[2026-02-24 10:23:03] litespeed.181.124.224.197 [ERROR] PHP error {"type":"Notice","message":"ob_clean(): Failed to delete buffer. No buffer to delete","file":"/home1/siloecom/sistema.siloe.com.py/app/bootstrap_core.php","line":39}
[2026-02-24 10:24:02] litespeed.181.124.224.197 [ERROR] Uncaught exception {"type":"Error","message":"Call to undefined function db_fetch_all()","file":"/home1/siloecom/sistema.siloe.com.py/api/sync.php","line":88}
[2026-02-24 10:24:02] litespeed.181.124.224.197 [ERROR] PHP error {"type":"Notice","message":"ob_clean(): Failed to delete buffer. No buffer to delete","file":"/home1/siloecom/sistema.siloe.com.py/app/bootstrap_core.php","line":39}
[2026-02-24 10:25:03] litespeed.181.124.224.197 [ERROR] Uncaught exception {"type":"Error","message":"Call to undefined function db_fetch_all()","file":"/home1/siloecom/sistema.siloe.com.py/api/sync.php","line":88}
[2026-02-24 10:25:03] litespeed.181.124.224.197 [ERROR] PHP error {"type":"Notice","message":"ob_clean(): Failed to delete buffer. No buffer to delete","file":"/home1/siloecom/sistema.siloe.com.py/app/bootstrap_core.php","line":39}
[2026-02-24 10:26:03] litespeed.181.124.224.197 [ERROR] Uncaught exception {"type":"Error","message":"Call to undefined function db_fetch_all()","file":"/home1/siloecom/sistema.siloe.com.py/api/sync.php","line":88}
[2026-02-24 10:26:03] litespeed.181.124.224.197 [ERROR] PHP error {"type":"Notice","message":"ob_clean(): Failed to delete buffer. No buffer to delete","file":"/home1/siloecom/sistema.siloe.com.py/app/bootstrap_core.php","line":39}
[2026-02-24 10:27:03] litespeed.181.124.224.197 [ERROR] Uncaught exception {"type":"Error","message":"Call to undefined function db_fetch_all()","file":"/home1/siloecom/sistema.siloe.com.py/api/sync.php","line":88}
[2026-02-24 10:27:03] litespeed.181.124.224.197 [ERROR] PHP error {"type":"Notice","message":"ob_clean(): Failed to delete buffer. No buffer to delete","file":"/home1/siloecom/sistema.siloe.com.py/app/bootstrap_core.php","line":39}
[2026-02-24 10:28:03] litespeed.181.124.224.197 [ERROR] Uncaught exception {"type":"Error","message":"Call to undefined function db_fetch_all()","file":"/home1/siloecom/sistema.siloe.com.py/api/sync.php","line":88}
[2026-02-24 10:28:03] litespeed.181.124.224.197 [ERROR] PHP error {"type":"Notice","message":"ob_clean(): Failed to delete buffer. No buffer to delete","file":"/home1/siloecom/sistema.siloe.com.py/app/bootstrap_core.php","line":39}
[2026-02-24 10:29:03] litespeed.181.124.224.197 [ERROR] Uncaught exception {"type":"Error","message":"Call to undefined function db_fetch_all()","file":"/home1/siloecom/sistema.siloe.com.py/api/sync.php","line":88}
[2026-02-24 10:29:03] litespeed.181.124.224.197 [ERROR] PHP error {"type":"Notice","message":"ob_clean(): Failed to delete buffer. No buffer to delete","file":"/home1/siloecom/sistema.siloe.com.py/app/bootstrap_core.php","line":39}
[2026-02-24 10:29:03] litespeed.192.185.143.155 [ERROR] Uncaught exception {"type":"Error","message":"Call to undefined function db_fetch_all()","file":"/home1/siloecom/sistema.siloe.com.py/api/sync.php","line":88}
[2026-02-24 10:29:03] litespeed.192.185.143.155 [ERROR] PHP error {"type":"Notice","message":"ob_clean(): Failed to delete buffer. No buffer to delete","file":"/home1/siloecom/sistema.siloe.com.py/app/bootstrap_core.php","line":39}
[2026-02-24 10:30:03] litespeed.181.124.224.197 [ERROR] Uncaught exception {"type":"Error","message":"Call to undefined function db_fetch_all()","file":"/home1/siloecom/sistema.siloe.com.py/api/sync.php","line":88}
[2026-02-24 10:30:03] litespeed.181.124.224.197 [ERROR] PHP error {"type":"Notice","message":"ob_clean(): Failed to delete buffer. No buffer to delete","file":"/home1/siloecom/sistema.siloe.com.py/app/bootstrap_core.php","line":39}
[2026-02-24 11:33:23] litespeed.181.124.224.197 [ERROR] PHP error {"type":"Warning","message":"Undefined array key \"updated_at\"","file":"/home1/siloecom/sistema.siloe.com.py/app/domain.php","line":102}
[2026-02-24 11:33:23] litespeed.181.124.224.197 [ERROR] PHP error {"type":"Warning","message":"Undefined array key \"updated_at\"","file":"/home1/siloecom/sistema.siloe.com.py/app/domain.php","line":102}
[2026-02-24 11:33:23] litespeed.181.124.224.197 [ERROR] PHP error {"type":"Warning","message":"Undefined array key \"updated_at\"","file":"/home1/siloecom/sistema.siloe.com.py/app/domain.php","line":102}
[2026-02-24 11:33:23] litespeed.181.124.224.197 [ERROR] PHP error {"type":"Warning","message":"Undefined array key \"updated_at\"","file":"/home1/siloecom/sistema.siloe.com.py/app/domain.php","line":102}
[2026-02-24 11:33:23] litespeed.181.124.224.197 [ERROR] PHP error {"type":"Warning","message":"Undefined array key \"updated_at\"","file":"/home1/siloecom/sistema.siloe.com.py/app/domain.php","line":102}
[2026-02-24 11:33:23] litespeed.181.124.224.197 [ERROR] PHP error {"type":"Warning","message":"Undefined array key \"updated_at\"","file":"/home1/siloecom/sistema.siloe.com.py/app/domain.php","line":102}
[2026-02-24 11:33:23] litespeed.181.124.224.197 [ERROR] PHP error {"type":"Warning","message":"Undefined array key \"updated_at\"","file":"/home1/siloecom/sistema.siloe.com.py/app/domain.php","line":102}
[2026-02-24 11:43:57] litespeed.181.124.224.197 [ERROR] PHP error {"type":"Warning","message":"Undefined array key \"updated_at\"","file":"/home1/siloecom/sistema.siloe.com.py/app/domain.php","line":102}
[2026-02-24 11:43:57] litespeed.181.124.224.197 [ERROR] PHP error {"type":"Warning","message":"Undefined array key \"updated_at\"","file":"/home1/siloecom/sistema.siloe.com.py/app/domain.php","line":102}
[2026-02-24 11:43:57] litespeed.181.124.224.197 [ERROR] PHP error {"type":"Warning","message":"Undefined array key \"updated_at\"","file":"/home1/siloecom/sistema.siloe.com.py/app/domain.php","line":102}
[2026-02-24 11:43:57] litespeed.181.124.224.197 [ERROR] PHP error {"type":"Warning","message":"Undefined array key \"updated_at\"","file":"/home1/siloecom/sistema.siloe.com.py/app/domain.php","line":102}
[2026-02-24 11:43:57] litespeed.181.124.224.197 [ERROR] PHP error {"type":"Warning","message":"Undefined array key \"updated_at\"","file":"/home1/siloecom/sistema.siloe.com.py/app/domain.php","line":102}
[2026-02-24 11:43:57] litespeed.181.124.224.197 [ERROR] PHP error {"type":"Warning","message":"Undefined array key \"updated_at\"","file":"/home1/siloecom/sistema.siloe.com.py/app/domain.php","line":102}
[2026-02-24 11:43:57] litespeed.181.124.224.197 [ERROR] PHP error {"type":"Warning","message":"Undefined array key \"updated_at\"","file":"/home1/siloecom/sistema.siloe.com.py/app/domain.php","line":102}
[2026-02-24 11:44:04] litespeed.181.124.224.197 [ERROR] PHP error {"type":"Warning","message":"Undefined array key \"updated_at\"","file":"/home1/siloecom/sistema.siloe.com.py/app/domain.php","line":102}
[2026-02-24 11:44:04] litespeed.181.124.224.197 [ERROR] PHP error {"type":"Warning","message":"Undefined array key \"updated_at\"","file":"/home1/siloecom/sistema.siloe.com.py/app/domain.php","line":102}
[2026-02-24 11:44:04] litespeed.181.124.224.197 [ERROR] PHP error {"type":"Warning","message":"Undefined array key \"updated_at\"","file":"/home1/siloecom/sistema.siloe.com.py/app/domain.php","line":102}
[2026-02-24 11:44:04] litespeed.181.124.224.197 [ERROR] PHP error {"type":"Warning","message":"Undefined array key \"updated_at\"","file":"/home1/siloecom/sistema.siloe.com.py/app/domain.php","line":102}
[2026-02-24 11:44:04] litespeed.181.124.224.197 [ERROR] PHP error {"type":"Warning","message":"Undefined array key \"updated_at\"","file":"/home1/siloecom/sistema.siloe.com.py/app/domain.php","line":102}
[2026-02-24 11:44:04] litespeed.181.124.224.197 [ERROR] PHP error {"type":"Warning","message":"Undefined array key \"updated_at\"","file":"/home1/siloecom/sistema.siloe.com.py/app/domain.php","line":102}
[2026-02-24 11:44:04] litespeed.181.124.224.197 [ERROR] PHP error {"type":"Warning","message":"Undefined array key \"updated_at\"","file":"/home1/siloecom/sistema.siloe.com.py/app/domain.php","line":102}
[2026-02-24 11:44:11] litespeed.181.124.224.197 [ERROR] PHP error {"type":"Warning","message":"Undefined array key \"updated_at\"","file":"/home1/siloecom/sistema.siloe.com.py/app/domain.php","line":102}
[2026-02-24 11:44:12] litespeed.181.124.224.197 [ERROR] PHP error {"type":"Warning","message":"Undefined array key \"updated_at\"","file":"/home1/siloecom/sistema.siloe.com.py/app/domain.php","line":102}
[2026-02-24 11:44:12] litespeed.181.124.224.197 [ERROR] PHP error {"type":"Warning","message":"Undefined array key \"updated_at\"","file":"/home1/siloecom/sistema.siloe.com.py/app/domain.php","line":102}
[2026-02-24 11:44:12] litespeed.181.124.224.197 [ERROR] PHP error {"type":"Warning","message":"Undefined array key \"updated_at\"","file":"/home1/siloecom/sistema.siloe.com.py/app/domain.php","line":102}
[2026-02-24 11:44:12] litespeed.181.124.224.197 [ERROR] PHP error {"type":"Warning","message":"Undefined array key \"updated_at\"","file":"/home1/siloecom/sistema.siloe.com.py/app/domain.php","line":102}
[2026-02-24 11:44:12] litespeed.181.124.224.197 [ERROR] PHP error {"type":"Warning","message":"Undefined array key \"updated_at\"","file":"/home1/siloecom/sistema.siloe.com.py/app/domain.php","line":102}
[2026-02-24 11:44:12] litespeed.181.124.224.197 [ERROR] PHP error {"type":"Warning","message":"Undefined array key \"updated_at\"","file":"/home1/siloecom/sistema.siloe.com.py/app/domain.php","line":102}
[2026-02-24 11:44:12] litespeed.181.124.224.197 [ERROR] PHP error {"type":"Warning","message":"Undefined array key \"updated_at\"","file":"/home1/siloecom/sistema.siloe.com.py/app/domain.php","line":102}
[2026-02-24 12:37:03] litespeed.181.124.224.197 [ERROR] PHP error {"type":"Warning","message":"Undefined array key \"updated_at\"","file":"/home1/siloecom/sistema.siloe.com.py/app/domain.php","line":102}
[2026-02-24 12:37:03] litespeed.181.124.224.197 [ERROR] PHP error {"type":"Warning","message":"Undefined array key \"updated_at\"","file":"/home1/siloecom/sistema.siloe.com.py/app/domain.php","line":102}
[2026-02-24 12:37:03] litespeed.181.124.224.197 [ERROR] PHP error {"type":"Warning","message":"Undefined array key \"updated_at\"","file":"/home1/siloecom/sistema.siloe.com.py/app/domain.php","line":102}
[2026-02-24 12:37:03] litespeed.181.124.224.197 [ERROR] PHP error {"type":"Warning","message":"Undefined array key \"updated_at\"","file":"/home1/siloecom/sistema.siloe.com.py/app/domain.php","line":102}
[2026-02-24 12:37:03] litespeed.181.124.224.197 [ERROR] PHP error {"type":"Warning","message":"Undefined array key \"updated_at\"","file":"/home1/siloecom/sistema.siloe.com.py/app/domain.php","line":102}
[2026-02-24 12:37:03] litespeed.181.124.224.197 [ERROR] PHP error {"type":"Warning","message":"Undefined array key \"updated_at\"","file":"/home1/siloecom/sistema.siloe.com.py/app/domain.php","line":102}
[2026-02-24 12:37:03] litespeed.181.124.224.197 [ERROR] PHP error {"type":"Warning","message":"Undefined array key \"updated_at\"","file":"/home1/siloecom/sistema.siloe.com.py/app/domain.php","line":102}
[2026-02-24 16:56:33] litespeed.181.124.224.197 [ERROR] PHP error {"type":"Warning","message":"Undefined array key \"updated_at\"","file":"/home1/siloecom/sistema.siloe.com.py/app/domain.php","line":102}
[2026-02-24 16:56:33] litespeed.181.124.224.197 [ERROR] PHP error {"type":"Warning","message":"Undefined array key \"updated_at\"","file":"/home1/siloecom/sistema.siloe.com.py/app/domain.php","line":102}
[2026-02-24 16:56:33] litespeed.181.124.224.197 [ERROR] PHP error {"type":"Warning","message":"Undefined array key \"updated_at\"","file":"/home1/siloecom/sistema.siloe.com.py/app/domain.php","line":102}
[2026-02-24 16:56:33] litespeed.181.124.224.197 [ERROR] PHP error {"type":"Warning","message":"Undefined array key \"updated_at\"","file":"/home1/siloecom/sistema.siloe.com.py/app/domain.php","line":102}
[2026-02-24 16:56:33] litespeed.181.124.224.197 [ERROR] PHP error {"type":"Warning","message":"Undefined array key \"updated_at\"","file":"/home1/siloecom/sistema.siloe.com.py/app/domain.php","line":102}
[2026-02-24 16:56:33] litespeed.181.124.224.197 [ERROR] PHP error {"type":"Warning","message":"Undefined array key \"updated_at\"","file":"/home1/siloecom/sistema.siloe.com.py/app/domain.php","line":102}
[2026-02-24 16:56:33] litespeed.181.124.224.197 [ERROR] PHP error {"type":"Warning","message":"Undefined array key \"updated_at\"","file":"/home1/siloecom/sistema.siloe.com.py/app/domain.php","line":102}
[2026-02-24 16:58:32] litespeed.181.124.224.197 [ERROR] PHP error {"type":"Warning","message":"Undefined array key \"updated_at\"","file":"/home1/siloecom/sistema.siloe.com.py/app/domain.php","line":102}
[2026-02-24 16:58:32] litespeed.181.124.224.197 [ERROR] PHP error {"type":"Warning","message":"Undefined array key \"updated_at\"","file":"/home1/siloecom/sistema.siloe.com.py/app/domain.php","line":102}
[2026-02-24 16:58:32] litespeed.181.124.224.197 [ERROR] PHP error {"type":"Warning","message":"Undefined array key \"updated_at\"","file":"/home1/siloecom/sistema.siloe.com.py/app/domain.php","line":102}
[2026-02-24 16:58:32] litespeed.181.124.224.197 [ERROR] PHP error {"type":"Warning","message":"Undefined array key \"updated_at\"","file":"/home1/siloecom/sistema.siloe.com.py/app/domain.php","line":102}
[2026-02-24 16:58:32] litespeed.181.124.224.197 [ERROR] PHP error {"type":"Warning","message":"Undefined array key \"updated_at\"","file":"/home1/siloecom/sistema.siloe.com.py/app/domain.php","line":102}
[2026-02-24 16:58:32] litespeed.181.124.224.197 [ERROR] PHP error {"type":"Warning","message":"Undefined array key \"updated_at\"","file":"/home1/siloecom/sistema.siloe.com.py/app/domain.php","line":102}
[2026-02-24 16:58:32] litespeed.181.124.224.197 [ERROR] PHP error {"type":"Warning","message":"Undefined array key \"updated_at\"","file":"/home1/siloecom/sistema.siloe.com.py/app/domain.php","line":102}
[2026-02-24 17:07:29] litespeed.181.124.224.197 [ERROR] PHP error {"type":"Warning","message":"Undefined array key \"updated_at\"","file":"/home1/siloecom/sistema.siloe.com.py/app/domain.php","line":102}
[2026-02-24 17:07:29] litespeed.181.124.224.197 [ERROR] PHP error {"type":"Warning","message":"Undefined array key \"updated_at\"","file":"/home1/siloecom/sistema.siloe.com.py/app/domain.php","line":102}
[2026-02-24 17:07:29] litespeed.181.124.224.197 [ERROR] PHP error {"type":"Warning","message":"Undefined array key \"updated_at\"","file":"/home1/siloecom/sistema.siloe.com.py/app/domain.php","line":102}
[2026-02-24 17:07:29] litespeed.181.124.224.197 [ERROR] PHP error {"type":"Warning","message":"Undefined array key \"updated_at\"","file":"/home1/siloecom/sistema.siloe.com.py/app/domain.php","line":102}
[2026-02-24 17:07:29] litespeed.181.124.224.197 [ERROR] PHP error {"type":"Warning","message":"Undefined array key \"updated_at\"","file":"/home1/siloecom/sistema.siloe.com.py/app/domain.php","line":102}
[2026-02-24 17:07:29] litespeed.181.124.224.197 [ERROR] PHP error {"type":"Warning","message":"Undefined array key \"updated_at\"","file":"/home1/siloecom/sistema.siloe.com.py/app/domain.php","line":102}
[2026-02-24 17:07:29] litespeed.181.124.224.197 [ERROR] PHP error {"type":"Warning","message":"Undefined array key \"updated_at\"","file":"/home1/siloecom/sistema.siloe.com.py/app/domain.php","line":102}
[2026-02-24 17:11:15] litespeed.181.124.224.197 [ERROR] PHP error {"type":"Warning","message":"Undefined array key \"updated_at\"","file":"/home1/siloecom/sistema.siloe.com.py/app/domain.php","line":102}
[2026-02-24 17:11:15] litespeed.181.124.224.197 [ERROR] PHP error {"type":"Warning","message":"Undefined array key \"updated_at\"","file":"/home1/siloecom/sistema.siloe.com.py/app/domain.php","line":102}
[2026-02-24 17:11:15] litespeed.181.124.224.197 [ERROR] PHP error {"type":"Warning","message":"Undefined array key \"updated_at\"","file":"/home1/siloecom/sistema.siloe.com.py/app/domain.php","line":102}
[2026-02-24 17:11:15] litespeed.181.124.224.197 [ERROR] PHP error {"type":"Warning","message":"Undefined array key \"updated_at\"","file":"/home1/siloecom/sistema.siloe.com.py/app/domain.php","line":102}
[2026-02-24 17:11:15] litespeed.181.124.224.197 [ERROR] PHP error {"type":"Warning","message":"Undefined array key \"updated_at\"","file":"/home1/siloecom/sistema.siloe.com.py/app/domain.php","line":102}
[2026-02-24 17:11:15] litespeed.181.124.224.197 [ERROR] PHP error {"type":"Warning","message":"Undefined array key \"updated_at\"","file":"/home1/siloecom/sistema.siloe.com.py/app/domain.php","line":102}
[2026-02-24 17:11:15] litespeed.181.124.224.197 [ERROR] PHP error {"type":"Warning","message":"Undefined array key \"updated_at\"","file":"/home1/siloecom/sistema.siloe.com.py/app/domain.php","line":102}
[2026-02-24 17:12:04] litespeed.181.124.224.197 [ERROR] PHP error {"type":"Warning","message":"Undefined array key \"updated_at\"","file":"/home1/siloecom/sistema.siloe.com.py/app/domain.php","line":102}
[2026-02-24 17:12:04] litespeed.181.124.224.197 [ERROR] PHP error {"type":"Warning","message":"Undefined array key \"updated_at\"","file":"/home1/siloecom/sistema.siloe.com.py/app/domain.php","line":102}
[2026-02-24 17:12:04] litespeed.181.124.224.197 [ERROR] PHP error {"type":"Warning","message":"Undefined array key \"updated_at\"","file":"/home1/siloecom/sistema.siloe.com.py/app/domain.php","line":102}
[2026-02-24 17:12:04] litespeed.181.124.224.197 [ERROR] PHP error {"type":"Warning","message":"Undefined array key \"updated_at\"","file":"/home1/siloecom/sistema.siloe.com.py/app/domain.php","line":102}
[2026-02-24 17:12:04] litespeed.181.124.224.197 [ERROR] PHP error {"type":"Warning","message":"Undefined array key \"updated_at\"","file":"/home1/siloecom/sistema.siloe.com.py/app/domain.php","line":102}
[2026-02-24 17:12:04] litespeed.181.124.224.197 [ERROR] PHP error {"type":"Warning","message":"Undefined array key \"updated_at\"","file":"/home1/siloecom/sistema.siloe.com.py/app/domain.php","line":102}
[2026-02-24 17:12:04] litespeed.181.124.224.197 [ERROR] PHP error {"type":"Warning","message":"Undefined array key \"updated_at\"","file":"/home1/siloecom/sistema.siloe.com.py/app/domain.php","line":102}
[2026-02-24 17:12:04] litespeed.181.124.224.197 [ERROR] PHP error {"type":"Warning","message":"Undefined array key \"updated_at\"","file":"/home1/siloecom/sistema.siloe.com.py/app/domain.php","line":102}
[2026-02-24 17:16:50] litespeed.181.124.224.197 [ERROR] PHP error {"type":"Warning","message":"Undefined array key \"updated_at\"","file":"/home1/siloecom/sistema.siloe.com.py/app/domain.php","line":102}
[2026-02-24 17:16:50] litespeed.181.124.224.197 [ERROR] PHP error {"type":"Warning","message":"Undefined array key \"updated_at\"","file":"/home1/siloecom/sistema.siloe.com.py/app/domain.php","line":102}
[2026-02-24 17:16:50] litespeed.181.124.224.197 [ERROR] PHP error {"type":"Warning","message":"Undefined array key \"updated_at\"","file":"/home1/siloecom/sistema.siloe.com.py/app/domain.php","line":102}
[2026-02-24 17:16:50] litespeed.181.124.224.197 [ERROR] PHP error {"type":"Warning","message":"Undefined array key \"updated_at\"","file":"/home1/siloecom/sistema.siloe.com.py/app/domain.php","line":102}
[2026-02-24 17:16:50] litespeed.181.124.224.197 [ERROR] PHP error {"type":"Warning","message":"Undefined array key \"updated_at\"","file":"/home1/siloecom/sistema.siloe.com.py/app/domain.php","line":102}
[2026-02-24 17:16:50] litespeed.181.124.224.197 [ERROR] PHP error {"type":"Warning","message":"Undefined array key \"updated_at\"","file":"/home1/siloecom/sistema.siloe.com.py/app/domain.php","line":102}
[2026-02-24 17:16:50] litespeed.181.124.224.197 [ERROR] PHP error {"type":"Warning","message":"Undefined array key \"updated_at\"","file":"/home1/siloecom/sistema.siloe.com.py/app/domain.php","line":102}
[2026-02-24 17:18:19] litespeed.181.124.224.197 [ERROR] PHP error {"type":"Warning","message":"Undefined array key \"updated_at\"","file":"/home1/siloecom/sistema.siloe.com.py/app/domain.php","line":102}
[2026-02-24 17:18:19] litespeed.181.124.224.197 [ERROR] PHP error {"type":"Warning","message":"Undefined array key \"updated_at\"","file":"/home1/siloecom/sistema.siloe.com.py/app/domain.php","line":102}
[2026-02-24 17:18:19] litespeed.181.124.224.197 [ERROR] PHP error {"type":"Warning","message":"Undefined array key \"updated_at\"","file":"/home1/siloecom/sistema.siloe.com.py/app/domain.php","line":102}
[2026-02-24 17:18:19] litespeed.181.124.224.197 [ERROR] PHP error {"type":"Warning","message":"Undefined array key \"updated_at\"","file":"/home1/siloecom/sistema.siloe.com.py/app/domain.php","line":102}
[2026-02-24 17:18:19] litespeed.181.124.224.197 [ERROR] PHP error {"type":"Warning","message":"Undefined array key \"updated_at\"","file":"/home1/siloecom/sistema.siloe.com.py/app/domain.php","line":102}
[2026-02-24 17:18:19] litespeed.181.124.224.197 [ERROR] PHP error {"type":"Warning","message":"Undefined array key \"updated_at\"","file":"/home1/siloecom/sistema.siloe.com.py/app/domain.php","line":102}
[2026-02-24 17:18:19] litespeed.181.124.224.197 [ERROR] PHP error {"type":"Warning","message":"Undefined array key \"updated_at\"","file":"/home1/siloecom/sistema.siloe.com.py/app/domain.php","line":102}
[2026-02-24 17:18:19] litespeed.181.124.224.197 [ERROR] PHP error {"type":"Warning","message":"Undefined array key \"allocations_json\"","file":"/home1/siloecom/sistema.siloe.com.py/app/domain.php","line":96}
[2026-02-24 17:18:19] litespeed.181.124.224.197 [ERROR] PHP error {"type":"Warning","message":"Undefined array key \"allocations_json\"","file":"/home1/siloecom/sistema.siloe.com.py/app/domain.php","line":96}
[2026-02-24 17:18:19] litespeed.181.124.224.197 [ERROR] PHP error {"type":"Warning","message":"Undefined array key \"allocations_json\"","file":"/home1/siloecom/sistema.siloe.com.py/app/domain.php","line":96}
[2026-02-24 17:18:19] litespeed.181.124.224.197 [ERROR] PHP error {"type":"Warning","message":"Undefined array key \"allocations_json\"","file":"/home1/siloecom/sistema.siloe.com.py/app/domain.php","line":96}
[2026-02-24 17:18:19] litespeed.181.124.224.197 [ERROR] PHP error {"type":"Warning","message":"Undefined array key \"allocations_json\"","file":"/home1/siloecom/sistema.siloe.com.py/app/domain.php","line":96}
[2026-02-24 17:18:19] litespeed.181.124.224.197 [ERROR] PHP error {"type":"Warning","message":"Undefined array key \"allocations_json\"","file":"/home1/siloecom/sistema.siloe.com.py/app/domain.php","line":96}
[2026-02-24 17:18:19] litespeed.181.124.224.197 [ERROR] PHP error {"type":"Warning","message":"Undefined array key \"allocations_json\"","file":"/home1/siloecom/sistema.siloe.com.py/app/domain.php","line":96}
[2026-02-24 17:18:36] litespeed.181.124.224.197 [ERROR] Uncaught exception {"type":"Error","message":"Call to undefined function db_fetch()","file":"/home1/siloecom/sistema.siloe.com.py/api/parents.php","line":104}
[2026-02-24 17:18:36] litespeed.181.124.224.197 [ERROR] PHP error {"type":"Notice","message":"ob_clean(): Failed to delete buffer. No buffer to delete","file":"/home1/siloecom/sistema.siloe.com.py/app/bootstrap_core.php","line":39}
[2026-02-24 17:20:01] litespeed.181.124.224.197 [ERROR] Uncaught exception {"type":"Error","message":"Call to undefined function db_fetch()","file":"/home1/siloecom/sistema.siloe.com.py/api/parents.php","line":104}
[2026-02-24 17:20:01] litespeed.181.124.224.197 [ERROR] PHP error {"type":"Notice","message":"ob_clean(): Failed to delete buffer. No buffer to delete","file":"/home1/siloecom/sistema.siloe.com.py/app/bootstrap_core.php","line":39}
[2026-02-24 17:21:54] litespeed.181.124.224.197 [ERROR] PHP error {"type":"Warning","message":"Undefined array key \"updated_at\"","file":"/home1/siloecom/sistema.siloe.com.py/app/domain.php","line":102}
[2026-02-24 17:21:54] litespeed.181.124.224.197 [ERROR] PHP error {"type":"Warning","message":"Undefined array key \"updated_at\"","file":"/home1/siloecom/sistema.siloe.com.py/app/domain.php","line":102}
[2026-02-24 17:21:54] litespeed.181.124.224.197 [ERROR] PHP error {"type":"Warning","message":"Undefined array key \"updated_at\"","file":"/home1/siloecom/sistema.siloe.com.py/app/domain.php","line":102}
[2026-02-24 17:21:54] litespeed.181.124.224.197 [ERROR] PHP error {"type":"Warning","message":"Undefined array key \"updated_at\"","file":"/home1/siloecom/sistema.siloe.com.py/app/domain.php","line":102}
[2026-02-24 17:21:54] litespeed.181.124.224.197 [ERROR] PHP error {"type":"Warning","message":"Undefined array key \"updated_at\"","file":"/home1/siloecom/sistema.siloe.com.py/app/domain.php","line":102}
[2026-02-24 17:21:54] litespeed.181.124.224.197 [ERROR] PHP error {"type":"Warning","message":"Undefined array key \"updated_at\"","file":"/home1/siloecom/sistema.siloe.com.py/app/domain.php","line":102}
[2026-02-24 17:21:54] litespeed.181.124.224.197 [ERROR] PHP error {"type":"Warning","message":"Undefined array key \"updated_at\"","file":"/home1/siloecom/sistema.siloe.com.py/app/domain.php","line":102}
[2026-02-24 17:21:54] litespeed.181.124.224.197 [ERROR] PHP error {"type":"Warning","message":"Undefined array key \"updated_at\"","file":"/home1/siloecom/sistema.siloe.com.py/app/domain.php","line":102}
[2026-02-24 17:21:54] litespeed.181.124.224.197 [ERROR] PHP error {"type":"Warning","message":"Undefined array key \"updated_at\"","file":"/home1/siloecom/sistema.siloe.com.py/app/domain.php","line":102}
[2026-02-24 17:21:54] litespeed.181.124.224.197 [ERROR] PHP error {"type":"Warning","message":"Undefined array key \"allocations_json\"","file":"/home1/siloecom/sistema.siloe.com.py/app/domain.php","line":96}
[2026-02-24 17:21:54] litespeed.181.124.224.197 [ERROR] PHP error {"type":"Warning","message":"Undefined array key \"allocations_json\"","file":"/home1/siloecom/sistema.siloe.com.py/app/domain.php","line":96}
[2026-02-24 17:21:54] litespeed.181.124.224.197 [ERROR] PHP error {"type":"Warning","message":"Undefined array key \"allocations_json\"","file":"/home1/siloecom/sistema.siloe.com.py/app/domain.php","line":96}
[2026-02-24 17:21:54] litespeed.181.124.224.197 [ERROR] PHP error {"type":"Warning","message":"Undefined array key \"allocations_json\"","file":"/home1/siloecom/sistema.siloe.com.py/app/domain.php","line":96}
[2026-02-24 17:21:54] litespeed.181.124.224.197 [ERROR] PHP error {"type":"Warning","message":"Undefined array key \"allocations_json\"","file":"/home1/siloecom/sistema.siloe.com.py/app/domain.php","line":96}
[2026-02-24 17:21:54] litespeed.181.124.224.197 [ERROR] PHP error {"type":"Warning","message":"Undefined array key \"allocations_json\"","file":"/home1/siloecom/sistema.siloe.com.py/app/domain.php","line":96}
[2026-02-24 17:21:54] litespeed.181.124.224.197 [ERROR] PHP error {"type":"Warning","message":"Undefined array key \"allocations_json\"","file":"/home1/siloecom/sistema.siloe.com.py/app/domain.php","line":96}
[2026-02-24 17:21:54] litespeed.181.124.224.197 [ERROR] PHP error {"type":"Warning","message":"Undefined array key \"allocations_json\"","file":"/home1/siloecom/sistema.siloe.com.py/app/domain.php","line":96}
[2026-02-24 17:21:54] litespeed.181.124.224.197 [ERROR] PHP error {"type":"Warning","message":"Undefined array key \"allocations_json\"","file":"/home1/siloecom/sistema.siloe.com.py/app/domain.php","line":96}
[2026-02-24 17:22:02] litespeed.181.124.224.197 [ERROR] Uncaught exception {"type":"Error","message":"Call to undefined function db_fetch()","file":"/home1/siloecom/sistema.siloe.com.py/api/parents.php","line":104}
[2026-02-24 17:22:02] litespeed.181.124.224.197 [ERROR] PHP error {"type":"Notice","message":"ob_clean(): Failed to delete buffer. No buffer to delete","file":"/home1/siloecom/sistema.siloe.com.py/app/bootstrap_core.php","line":39}
[2026-02-24 17:37:20] litespeed.181.124.224.197 [ERROR] PHP error {"type":"Warning","message":"Undefined array key \"updated_at\"","file":"/home1/siloecom/sistema.siloe.com.py/app/domain.php","line":102}
[2026-02-24 17:37:20] litespeed.181.124.224.197 [ERROR] PHP error {"type":"Warning","message":"Undefined array key \"updated_at\"","file":"/home1/siloecom/sistema.siloe.com.py/app/domain.php","line":102}
[2026-02-24 17:37:20] litespeed.181.124.224.197 [ERROR] PHP error {"type":"Warning","message":"Undefined array key \"updated_at\"","file":"/home1/siloecom/sistema.siloe.com.py/app/domain.php","line":102}
[2026-02-24 17:37:20] litespeed.181.124.224.197 [ERROR] PHP error {"type":"Warning","message":"Undefined array key \"updated_at\"","file":"/home1/siloecom/sistema.siloe.com.py/app/domain.php","line":102}
[2026-02-24 17:37:20] litespeed.181.124.224.197 [ERROR] PHP error {"type":"Warning","message":"Undefined array key \"updated_at\"","file":"/home1/siloecom/sistema.siloe.com.py/app/domain.php","line":102}
[2026-02-24 17:37:20] litespeed.181.124.224.197 [ERROR] PHP error {"type":"Warning","message":"Undefined array key \"updated_at\"","file":"/home1/siloecom/sistema.siloe.com.py/app/domain.php","line":102}
[2026-02-24 17:37:20] litespeed.181.124.224.197 [ERROR] PHP error {"type":"Warning","message":"Undefined array key \"updated_at\"","file":"/home1/siloecom/sistema.siloe.com.py/app/domain.php","line":102}
[2026-02-24 17:37:20] litespeed.181.124.224.197 [ERROR] PHP error {"type":"Warning","message":"Undefined array key \"updated_at\"","file":"/home1/siloecom/sistema.siloe.com.py/app/domain.php","line":102}
[2026-02-24 17:37:20] litespeed.181.124.224.197 [ERROR] PHP error {"type":"Warning","message":"Undefined array key \"updated_at\"","file":"/home1/siloecom/sistema.siloe.com.py/app/domain.php","line":102}
[2026-02-24 17:37:20] litespeed.181.124.224.197 [ERROR] PHP error {"type":"Warning","message":"Undefined array key \"updated_at\"","file":"/home1/siloecom/sistema.siloe.com.py/app/domain.php","line":102}
[2026-02-24 17:37:33] litespeed.181.124.224.197 [ERROR] PHP error {"type":"Warning","message":"Undefined array key \"updated_at\"","file":"/home1/siloecom/sistema.siloe.com.py/app/domain.php","line":102}
[2026-02-24 17:37:33] litespeed.181.124.224.197 [ERROR] PHP error {"type":"Warning","message":"Undefined array key \"updated_at\"","file":"/home1/siloecom/sistema.siloe.com.py/app/domain.php","line":102}
[2026-02-24 17:37:33] litespeed.181.124.224.197 [ERROR] PHP error {"type":"Warning","message":"Undefined array key \"updated_at\"","file":"/home1/siloecom/sistema.siloe.com.py/app/domain.php","line":102}
[2026-02-24 17:37:33] litespeed.181.124.224.197 [ERROR] PHP error {"type":"Warning","message":"Undefined array key \"updated_at\"","file":"/home1/siloecom/sistema.siloe.com.py/app/domain.php","line":102}
[2026-02-24 17:37:33] litespeed.181.124.224.197 [ERROR] PHP error {"type":"Warning","message":"Undefined array key \"updated_at\"","file":"/home1/siloecom/sistema.siloe.com.py/app/domain.php","line":102}
[2026-02-24 17:37:33] litespeed.181.124.224.197 [ERROR] PHP error {"type":"Warning","message":"Undefined array key \"updated_at\"","file":"/home1/siloecom/sistema.siloe.com.py/app/domain.php","line":102}
[2026-02-24 17:37:33] litespeed.181.124.224.197 [ERROR] PHP error {"type":"Warning","message":"Undefined array key \"updated_at\"","file":"/home1/siloecom/sistema.siloe.com.py/app/domain.php","line":102}
[2026-02-24 17:37:33] litespeed.181.124.224.197 [ERROR] PHP error {"type":"Warning","message":"Undefined array key \"updated_at\"","file":"/home1/siloecom/sistema.siloe.com.py/app/domain.php","line":102}
[2026-02-24 17:37:33] litespeed.181.124.224.197 [ERROR] PHP error {"type":"Warning","message":"Undefined array key \"updated_at\"","file":"/home1/siloecom/sistema.siloe.com.py/app/domain.php","line":102}
[2026-02-24 17:37:33] litespeed.181.124.224.197 [ERROR] PHP error {"type":"Warning","message":"Undefined array key \"updated_at\"","file":"/home1/siloecom/sistema.siloe.com.py/app/domain.php","line":102}
[2026-02-24 17:53:56] litespeed.181.124.224.197 [ERROR] PHP error {"type":"Warning","message":"Undefined array key \"updated_at\"","file":"/home1/siloecom/sistema.siloe.com.py/app/domain.php","line":102}
[2026-02-24 17:53:56] litespeed.181.124.224.197 [ERROR] PHP error {"type":"Warning","message":"Undefined array key \"updated_at\"","file":"/home1/siloecom/sistema.siloe.com.py/app/domain.php","line":102}
[2026-02-24 17:53:56] litespeed.181.124.224.197 [ERROR] PHP error {"type":"Warning","message":"Undefined array key \"updated_at\"","file":"/home1/siloecom/sistema.siloe.com.py/app/domain.php","line":102}
[2026-02-24 17:53:56] litespeed.181.124.224.197 [ERROR] PHP error {"type":"Warning","message":"Undefined array key \"updated_at\"","file":"/home1/siloecom/sistema.siloe.com.py/app/domain.php","line":102}
[2026-02-24 17:53:56] litespeed.181.124.224.197 [ERROR] PHP error {"type":"Warning","message":"Undefined array key \"updated_at\"","file":"/home1/siloecom/sistema.siloe.com.py/app/domain.php","line":102}
[2026-02-24 17:53:56] litespeed.181.124.224.197 [ERROR] PHP error {"type":"Warning","message":"Undefined array key \"updated_at\"","file":"/home1/siloecom/sistema.siloe.com.py/app/domain.php","line":102}
[2026-02-24 17:53:56] litespeed.181.124.224.197 [ERROR] PHP error {"type":"Warning","message":"Undefined array key \"updated_at\"","file":"/home1/siloecom/sistema.siloe.com.py/app/domain.php","line":102}
[2026-02-24 17:53:56] litespeed.181.124.224.197 [ERROR] PHP error {"type":"Warning","message":"Undefined array key \"updated_at\"","file":"/home1/siloecom/sistema.siloe.com.py/app/domain.php","line":102}
[2026-02-24 17:53:56] litespeed.181.124.224.197 [ERROR] PHP error {"type":"Warning","message":"Undefined array key \"updated_at\"","file":"/home1/siloecom/sistema.siloe.com.py/app/domain.php","line":102}
[2026-02-24 17:53:56] litespeed.181.124.224.197 [ERROR] PHP error {"type":"Warning","message":"Undefined array key \"updated_at\"","file":"/home1/siloecom/sistema.siloe.com.py/app/domain.php","line":102}
[2026-02-24 17:53:56] litespeed.181.124.224.197 [ERROR] PHP error {"type":"Warning","message":"Undefined array key \"updated_at\"","file":"/home1/siloecom/sistema.siloe.com.py/app/domain.php","line":102}
[2026-02-24 17:54:14] litespeed.181.124.224.197 [ERROR] PHP error {"type":"Warning","message":"Undefined array key \"updated_at\"","file":"/home1/siloecom/sistema.siloe.com.py/app/domain.php","line":102}
[2026-02-24 17:54:14] litespeed.181.124.224.197 [ERROR] PHP error {"type":"Warning","message":"Undefined array key \"updated_at\"","file":"/home1/siloecom/sistema.siloe.com.py/app/domain.php","line":102}
[2026-02-24 17:54:14] litespeed.181.124.224.197 [ERROR] PHP error {"type":"Warning","message":"Undefined array key \"updated_at\"","file":"/home1/siloecom/sistema.siloe.com.py/app/domain.php","line":102}
[2026-02-24 17:54:14] litespeed.181.124.224.197 [ERROR] PHP error {"type":"Warning","message":"Undefined array key \"updated_at\"","file":"/home1/siloecom/sistema.siloe.com.py/app/domain.php","line":102}
[2026-02-24 17:54:14] litespeed.181.124.224.197 [ERROR] PHP error {"type":"Warning","message":"Undefined array key \"updated_at\"","file":"/home1/siloecom/sistema.siloe.com.py/app/domain.php","line":102}
[2026-02-24 17:54:14] litespeed.181.124.224.197 [ERROR] PHP error {"type":"Warning","message":"Undefined array key \"updated_at\"","file":"/home1/siloecom/sistema.siloe.com.py/app/domain.php","line":102}
[2026-02-24 17:54:14] litespeed.181.124.224.197 [ERROR] PHP error {"type":"Warning","message":"Undefined array key \"updated_at\"","file":"/home1/siloecom/sistema.siloe.com.py/app/domain.php","line":102}
[2026-02-24 17:54:14] litespeed.181.124.224.197 [ERROR] PHP error {"type":"Warning","message":"Undefined array key \"updated_at\"","file":"/home1/siloecom/sistema.siloe.com.py/app/domain.php","line":102}
[2026-02-24 17:54:14] litespeed.181.124.224.197 [ERROR] PHP error {"type":"Warning","message":"Undefined array key \"updated_at\"","file":"/home1/siloecom/sistema.siloe.com.py/app/domain.php","line":102}
[2026-02-24 17:54:14] litespeed.181.124.224.197 [ERROR] PHP error {"type":"Warning","message":"Undefined array key \"updated_at\"","file":"/home1/siloecom/sistema.siloe.com.py/app/domain.php","line":102}
[2026-02-24 17:54:14] litespeed.181.124.224.197 [ERROR] PHP error {"type":"Warning","message":"Undefined array key \"updated_at\"","file":"/home1/siloecom/sistema.siloe.com.py/app/domain.php","line":102}
[2026-02-24 17:54:14] litespeed.181.124.224.197 [ERROR] PHP error {"type":"Warning","message":"Undefined array key \"allocations_json\"","file":"/home1/siloecom/sistema.siloe.com.py/app/domain.php","line":96}
[2026-02-24 17:54:14] litespeed.181.124.224.197 [ERROR] PHP error {"type":"Warning","message":"Undefined array key \"allocations_json\"","file":"/home1/siloecom/sistema.siloe.com.py/app/domain.php","line":96}
[2026-02-24 17:54:14] litespeed.181.124.224.197 [ERROR] PHP error {"type":"Warning","message":"Undefined array key \"allocations_json\"","file":"/home1/siloecom/sistema.siloe.com.py/app/domain.php","line":96}
[2026-02-24 17:54:14] litespeed.181.124.224.197 [ERROR] PHP error {"type":"Warning","message":"Undefined array key \"allocations_json\"","file":"/home1/siloecom/sistema.siloe.com.py/app/domain.php","line":96}
[2026-02-24 17:54:14] litespeed.181.124.224.197 [ERROR] PHP error {"type":"Warning","message":"Undefined array key \"allocations_json\"","file":"/home1/siloecom/sistema.siloe.com.py/app/domain.php","line":96}
[2026-02-24 17:54:14] litespeed.181.124.224.197 [ERROR] PHP error {"type":"Warning","message":"Undefined array key \"allocations_json\"","file":"/home1/siloecom/sistema.siloe.com.py/app/domain.php","line":96}
[2026-02-24 17:54:14] litespeed.181.124.224.197 [ERROR] PHP error {"type":"Warning","message":"Undefined array key \"allocations_json\"","file":"/home1/siloecom/sistema.siloe.com.py/app/domain.php","line":96}
[2026-02-24 17:54:14] litespeed.181.124.224.197 [ERROR] PHP error {"type":"Warning","message":"Undefined array key \"allocations_json\"","file":"/home1/siloecom/sistema.siloe.com.py/app/domain.php","line":96}
[2026-02-24 17:54:14] litespeed.181.124.224.197 [ERROR] PHP error {"type":"Warning","message":"Undefined array key \"allocations_json\"","file":"/home1/siloecom/sistema.siloe.com.py/app/domain.php","line":96}
[2026-02-24 17:54:14] litespeed.181.124.224.197 [ERROR] PHP error {"type":"Warning","message":"Undefined array key \"allocations_json\"","file":"/home1/siloecom/sistema.siloe.com.py/app/domain.php","line":96}
[2026-02-24 17:54:14] litespeed.181.124.224.197 [ERROR] PHP error {"type":"Warning","message":"Undefined array key \"allocations_json\"","file":"/home1/siloecom/sistema.siloe.com.py/app/domain.php","line":96}
[2026-02-24 17:55:32] litespeed.181.124.224.197 [ERROR] PHP error {"type":"Warning","message":"Undefined array key \"updated_at\"","file":"/home1/siloecom/sistema.siloe.com.py/app/domain.php","line":102}
[2026-02-24 17:55:32] litespeed.181.124.224.197 [ERROR] PHP error {"type":"Warning","message":"Undefined array key \"updated_at\"","file":"/home1/siloecom/sistema.siloe.com.py/app/domain.php","line":102}
[2026-02-24 17:55:32] litespeed.181.124.224.197 [ERROR] PHP error {"type":"Warning","message":"Undefined array key \"updated_at\"","file":"/home1/siloecom/sistema.siloe.com.py/app/domain.php","line":102}
[2026-02-24 17:55:32] litespeed.181.124.224.197 [ERROR] PHP error {"type":"Warning","message":"Undefined array key \"updated_at\"","file":"/home1/siloecom/sistema.siloe.com.py/app/domain.php","line":102}
[2026-02-24 17:55:32] litespeed.181.124.224.197 [ERROR] PHP error {"type":"Warning","message":"Undefined array key \"updated_at\"","file":"/home1/siloecom/sistema.siloe.com.py/app/domain.php","line":102}
[2026-02-24 17:55:32] litespeed.181.124.224.197 [ERROR] PHP error {"type":"Warning","message":"Undefined array key \"updated_at\"","file":"/home1/siloecom/sistema.siloe.com.py/app/domain.php","line":102}
[2026-02-24 17:55:32] litespeed.181.124.224.197 [ERROR] PHP error {"type":"Warning","message":"Undefined array key \"updated_at\"","file":"/home1/siloecom/sistema.siloe.com.py/app/domain.php","line":102}
[2026-02-24 17:55:32] litespeed.181.124.224.197 [ERROR] PHP error {"type":"Warning","message":"Undefined array key \"updated_at\"","file":"/home1/siloecom/sistema.siloe.com.py/app/domain.php","line":102}
[2026-02-24 17:55:32] litespeed.181.124.224.197 [ERROR] PHP error {"type":"Warning","message":"Undefined array key \"updated_at\"","file":"/home1/siloecom/sistema.siloe.com.py/app/domain.php","line":102}
[2026-02-24 17:55:32] litespeed.181.124.224.197 [ERROR] PHP error {"type":"Warning","message":"Undefined array key \"updated_at\"","file":"/home1/siloecom/sistema.siloe.com.py/app/domain.php","line":102}
[2026-02-24 17:55:32] litespeed.181.124.224.197 [ERROR] PHP error {"type":"Warning","message":"Undefined array key \"updated_at\"","file":"/home1/siloecom/sistema.siloe.com.py/app/domain.php","line":102}
[2026-02-24 17:55:32] litespeed.181.124.224.197 [ERROR] PHP error {"type":"Warning","message":"Undefined array key \"updated_at\"","file":"/home1/siloecom/sistema.siloe.com.py/app/domain.php","line":102}
[2026-02-24 17:55:32] litespeed.181.124.224.197 [ERROR] PHP error {"type":"Warning","message":"Undefined array key \"allocations_json\"","file":"/home1/siloecom/sistema.siloe.com.py/app/domain.php","line":96}
[2026-02-24 17:55:32] litespeed.181.124.224.197 [ERROR] PHP error {"type":"Warning","message":"Undefined array key \"allocations_json\"","file":"/home1/siloecom/sistema.siloe.com.py/app/domain.php","line":96}
[2026-02-24 17:55:32] litespeed.181.124.224.197 [ERROR] PHP error {"type":"Warning","message":"Undefined array key \"allocations_json\"","file":"/home1/siloecom/sistema.siloe.com.py/app/domain.php","line":96}
[2026-02-24 17:55:32] litespeed.181.124.224.197 [ERROR] PHP error {"type":"Warning","message":"Undefined array key \"allocations_json\"","file":"/home1/siloecom/sistema.siloe.com.py/app/domain.php","line":96}
[2026-02-24 17:55:32] litespeed.181.124.224.197 [ERROR] PHP error {"type":"Warning","message":"Undefined array key \"allocations_json\"","file":"/home1/siloecom/sistema.siloe.com.py/app/domain.php","line":96}
[2026-02-24 17:55:32] litespeed.181.124.224.197 [ERROR] PHP error {"type":"Warning","message":"Undefined array key \"allocations_json\"","file":"/home1/siloecom/sistema.siloe.com.py/app/domain.php","line":96}
[2026-02-24 17:55:32] litespeed.181.124.224.197 [ERROR] PHP error {"type":"Warning","message":"Undefined array key \"allocations_json\"","file":"/home1/siloecom/sistema.siloe.com.py/app/domain.php","line":96}
[2026-02-24 17:55:32] litespeed.181.124.224.197 [ERROR] PHP error {"type":"Warning","message":"Undefined array key \"allocations_json\"","file":"/home1/siloecom/sistema.siloe.com.py/app/domain.php","line":96}
[2026-02-24 17:55:32] litespeed.181.124.224.197 [ERROR] PHP error {"type":"Warning","message":"Undefined array key \"allocations_json\"","file":"/home1/siloecom/sistema.siloe.com.py/app/domain.php","line":96}
[2026-02-24 17:55:32] litespeed.181.124.224.197 [ERROR] PHP error {"type":"Warning","message":"Undefined array key \"allocations_json\"","file":"/home1/siloecom/sistema.siloe.com.py/app/domain.php","line":96}
[2026-02-24 17:55:32] litespeed.181.124.224.197 [ERROR] PHP error {"type":"Warning","message":"Undefined array key \"allocations_json\"","file":"/home1/siloecom/sistema.siloe.com.py/app/domain.php","line":96}
[2026-02-24 17:55:32] litespeed.181.124.224.197 [ERROR] PHP error {"type":"Warning","message":"Undefined array key \"allocations_json\"","file":"/home1/siloecom/sistema.siloe.com.py/app/domain.php","line":96}
[2026-02-24 17:56:17] litespeed.181.124.224.197 [ERROR] PHP error {"type":"Warning","message":"Undefined array key \"updated_at\"","file":"/home1/siloecom/sistema.siloe.com.py/app/domain.php","line":102}
[2026-02-24 17:56:17] litespeed.181.124.224.197 [ERROR] PHP error {"type":"Warning","message":"Undefined array key \"updated_at\"","file":"/home1/siloecom/sistema.siloe.com.py/app/domain.php","line":102}
[2026-02-24 17:56:17] litespeed.181.124.224.197 [ERROR] PHP error {"type":"Warning","message":"Undefined array key \"updated_at\"","file":"/home1/siloecom/sistema.siloe.com.py/app/domain.php","line":102}
[2026-02-24 17:56:17] litespeed.181.124.224.197 [ERROR] PHP error {"type":"Warning","message":"Undefined array key \"updated_at\"","file":"/home1/siloecom/sistema.siloe.com.py/app/domain.php","line":102}
[2026-02-24 17:56:17] litespeed.181.124.224.197 [ERROR] PHP error {"type":"Warning","message":"Undefined array key \"updated_at\"","file":"/home1/siloecom/sistema.siloe.com.py/app/domain.php","line":102}
[2026-02-24 17:56:17] litespeed.181.124.224.197 [ERROR] PHP error {"type":"Warning","message":"Undefined array key \"updated_at\"","file":"/home1/siloecom/sistema.siloe.com.py/app/domain.php","line":102}
[2026-02-24 17:56:17] litespeed.181.124.224.197 [ERROR] PHP error {"type":"Warning","message":"Undefined array key \"updated_at\"","file":"/home1/siloecom/sistema.siloe.com.py/app/domain.php","line":102}
[2026-02-24 17:56:17] litespeed.181.124.224.197 [ERROR] PHP error {"type":"Warning","message":"Undefined array key \"updated_at\"","file":"/home1/siloecom/sistema.siloe.com.py/app/domain.php","line":102}
[2026-02-24 17:56:17] litespeed.181.124.224.197 [ERROR] PHP error {"type":"Warning","message":"Undefined array key \"updated_at\"","file":"/home1/siloecom/sistema.siloe.com.py/app/domain.php","line":102}
[2026-02-24 17:56:17] litespeed.181.124.224.197 [ERROR] PHP error {"type":"Warning","message":"Undefined array key \"updated_at\"","file":"/home1/siloecom/sistema.siloe.com.py/app/domain.php","line":102}
[2026-02-24 17:56:17] litespeed.181.124.224.197 [ERROR] PHP error {"type":"Warning","message":"Undefined array key \"updated_at\"","file":"/home1/siloecom/sistema.siloe.com.py/app/domain.php","line":102}
[2026-02-24 17:56:17] litespeed.181.124.224.197 [ERROR] PHP error {"type":"Warning","message":"Undefined array key \"updated_at\"","file":"/home1/siloecom/sistema.siloe.com.py/app/domain.php","line":102}
[2026-02-24 17:56:17] litespeed.181.124.224.197 [ERROR] PHP error {"type":"Warning","message":"Undefined array key \"updated_at\"","file":"/home1/siloecom/sistema.siloe.com.py/app/domain.php","line":102}
[2026-02-24 17:56:17] litespeed.181.124.224.197 [ERROR] PHP error {"type":"Warning","message":"Undefined array key \"allocations_json\"","file":"/home1/siloecom/sistema.siloe.com.py/app/domain.php","line":96}
[2026-02-24 17:56:17] litespeed.181.124.224.197 [ERROR] PHP error {"type":"Warning","message":"Undefined array key \"allocations_json\"","file":"/home1/siloecom/sistema.siloe.com.py/app/domain.php","line":96}
[2026-02-24 17:56:17] litespeed.181.124.224.197 [ERROR] PHP error {"type":"Warning","message":"Undefined array key \"allocations_json\"","file":"/home1/siloecom/sistema.siloe.com.py/app/domain.php","line":96}
[2026-02-24 17:56:17] litespeed.181.124.224.197 [ERROR] PHP error {"type":"Warning","message":"Undefined array key \"allocations_json\"","file":"/home1/siloecom/sistema.siloe.com.py/app/domain.php","line":96}
[2026-02-24 17:56:17] litespeed.181.124.224.197 [ERROR] PHP error {"type":"Warning","message":"Undefined array key \"allocations_json\"","file":"/home1/siloecom/sistema.siloe.com.py/app/domain.php","line":96}
[2026-02-24 17:56:17] litespeed.181.124.224.197 [ERROR] PHP error {"type":"Warning","message":"Undefined array key \"allocations_json\"","file":"/home1/siloecom/sistema.siloe.com.py/app/domain.php","line":96}
[2026-02-24 17:56:17] litespeed.181.124.224.197 [ERROR] PHP error {"type":"Warning","message":"Undefined array key \"allocations_json\"","file":"/home1/siloecom/sistema.siloe.com.py/app/domain.php","line":96}
[2026-02-24 17:56:17] litespeed.181.124.224.197 [ERROR] PHP error {"type":"Warning","message":"Undefined array key \"allocations_json\"","file":"/home1/siloecom/sistema.siloe.com.py/app/domain.php","line":96}
[2026-02-24 17:56:17] litespeed.181.124.224.197 [ERROR] PHP error {"type":"Warning","message":"Undefined array key \"allocations_json\"","file":"/home1/siloecom/sistema.siloe.com.py/app/domain.php","line":96}
[2026-02-24 17:56:17] litespeed.181.124.224.197 [ERROR] PHP error {"type":"Warning","message":"Undefined array key \"allocations_json\"","file":"/home1/siloecom/sistema.siloe.com.py/app/domain.php","line":96}
[2026-02-24 17:56:17] litespeed.181.124.224.197 [ERROR] PHP error {"type":"Warning","message":"Undefined array key \"allocations_json\"","file":"/home1/siloecom/sistema.siloe.com.py/app/domain.php","line":96}
[2026-02-24 17:56:17] litespeed.181.124.224.197 [ERROR] PHP error {"type":"Warning","message":"Undefined array key \"allocations_json\"","file":"/home1/siloecom/sistema.siloe.com.py/app/domain.php","line":96}
[2026-02-24 17:56:17] litespeed.181.124.224.197 [ERROR] PHP error {"type":"Warning","message":"Undefined array key \"allocations_json\"","file":"/home1/siloecom/sistema.siloe.com.py/app/domain.php","line":96}
[2026-02-24 17:59:02] litespeed.181.124.224.197 [ERROR] PHP error {"type":"Warning","message":"Undefined array key \"updated_at\"","file":"/home1/siloecom/sistema.siloe.com.py/app/domain.php","line":102}
[2026-02-24 17:59:02] litespeed.181.124.224.197 [ERROR] PHP error {"type":"Warning","message":"Undefined array key \"updated_at\"","file":"/home1/siloecom/sistema.siloe.com.py/app/domain.php","line":102}
[2026-02-24 17:59:02] litespeed.181.124.224.197 [ERROR] PHP error {"type":"Warning","message":"Undefined array key \"updated_at\"","file":"/home1/siloecom/sistema.siloe.com.py/app/domain.php","line":102}
[2026-02-24 17:59:02] litespeed.181.124.224.197 [ERROR] PHP error {"type":"Warning","message":"Undefined array key \"updated_at\"","file":"/home1/siloecom/sistema.siloe.com.py/app/domain.php","line":102}
[2026-02-24 17:59:02] litespeed.181.124.224.197 [ERROR] PHP error {"type":"Warning","message":"Undefined array key \"updated_at\"","file":"/home1/siloecom/sistema.siloe.com.py/app/domain.php","line":102}
[2026-02-24 17:59:02] litespeed.181.124.224.197 [ERROR] PHP error {"type":"Warning","message":"Undefined array key \"updated_at\"","file":"/home1/siloecom/sistema.siloe.com.py/app/domain.php","line":102}
[2026-02-24 17:59:02] litespeed.181.124.224.197 [ERROR] PHP error {"type":"Warning","message":"Undefined array key \"updated_at\"","file":"/home1/siloecom/sistema.siloe.com.py/app/domain.php","line":102}
[2026-02-24 17:59:02] litespeed.181.124.224.197 [ERROR] PHP error {"type":"Warning","message":"Undefined array key \"updated_at\"","file":"/home1/siloecom/sistema.siloe.com.py/app/domain.php","line":102}
[2026-02-24 17:59:02] litespeed.181.124.224.197 [ERROR] PHP error {"type":"Warning","message":"Undefined array key \"updated_at\"","file":"/home1/siloecom/sistema.siloe.com.py/app/domain.php","line":102}
[2026-02-24 17:59:02] litespeed.181.124.224.197 [ERROR] PHP error {"type":"Warning","message":"Undefined array key \"updated_at\"","file":"/home1/siloecom/sistema.siloe.com.py/app/domain.php","line":102}
[2026-02-24 17:59:02] litespeed.181.124.224.197 [ERROR] PHP error {"type":"Warning","message":"Undefined array key \"updated_at\"","file":"/home1/siloecom/sistema.siloe.com.py/app/domain.php","line":102}
[2026-02-24 17:59:02] litespeed.181.124.224.197 [ERROR] PHP error {"type":"Warning","message":"Undefined array key \"updated_at\"","file":"/home1/siloecom/sistema.siloe.com.py/app/domain.php","line":102}
[2026-02-24 17:59:02] litespeed.181.124.224.197 [ERROR] PHP error {"type":"Warning","message":"Undefined array key \"updated_at\"","file":"/home1/siloecom/sistema.siloe.com.py/app/domain.php","line":102}
[2026-02-24 17:59:02] litespeed.181.124.224.197 [ERROR] PHP error {"type":"Warning","message":"Undefined array key \"updated_at\"","file":"/home1/siloecom/sistema.siloe.com.py/app/domain.php","line":102}
[2026-02-24 17:59:02] litespeed.181.124.224.197 [ERROR] PHP error {"type":"Warning","message":"Undefined array key \"allocations_json\"","file":"/home1/siloecom/sistema.siloe.com.py/app/domain.php","line":96}
[2026-02-24 17:59:02] litespeed.181.124.224.197 [ERROR] PHP error {"type":"Warning","message":"Undefined array key \"allocations_json\"","file":"/home1/siloecom/sistema.siloe.com.py/app/domain.php","line":96}
[2026-02-24 17:59:02] litespeed.181.124.224.197 [ERROR] PHP error {"type":"Warning","message":"Undefined array key \"allocations_json\"","file":"/home1/siloecom/sistema.siloe.com.py/app/domain.php","line":96}
[2026-02-24 17:59:02] litespeed.181.124.224.197 [ERROR] PHP error {"type":"Warning","message":"Undefined array key \"allocations_json\"","file":"/home1/siloecom/sistema.siloe.com.py/app/domain.php","line":96}
[2026-02-24 17:59:02] litespeed.181.124.224.197 [ERROR] PHP error {"type":"Warning","message":"Undefined array key \"allocations_json\"","file":"/home1/siloecom/sistema.siloe.com.py/app/domain.php","line":96}
[2026-02-24 17:59:02] litespeed.181.124.224.197 [ERROR] PHP error {"type":"Warning","message":"Undefined array key \"allocations_json\"","file":"/home1/siloecom/sistema.siloe.com.py/app/domain.php","line":96}
[2026-02-24 17:59:02] litespeed.181.124.224.197 [ERROR] PHP error {"type":"Warning","message":"Undefined array key \"allocations_json\"","file":"/home1/siloecom/sistema.siloe.com.py/app/domain.php","line":96}
[2026-02-24 17:59:02] litespeed.181.124.224.197 [ERROR] PHP error {"type":"Warning","message":"Undefined array key \"allocations_json\"","file":"/home1/siloecom/sistema.siloe.com.py/app/domain.php","line":96}
[2026-02-24 17:59:02] litespeed.181.124.224.197 [ERROR] PHP error {"type":"Warning","message":"Undefined array key \"allocations_json\"","file":"/home1/siloecom/sistema.siloe.com.py/app/domain.php","line":96}
[2026-02-24 17:59:02] litespeed.181.124.224.197 [ERROR] PHP error {"type":"Warning","message":"Undefined array key \"allocations_json\"","file":"/home1/siloecom/sistema.siloe.com.py/app/domain.php","line":96}
[2026-02-24 17:59:02] litespeed.181.124.224.197 [ERROR] PHP error {"type":"Warning","message":"Undefined array key \"allocations_json\"","file":"/home1/siloecom/sistema.siloe.com.py/app/domain.php","line":96}
[2026-02-24 17:59:02] litespeed.181.124.224.197 [ERROR] PHP error {"type":"Warning","message":"Undefined array key \"allocations_json\"","file":"/home1/siloecom/sistema.siloe.com.py/app/domain.php","line":96}
[2026-02-24 17:59:02] litespeed.181.124.224.197 [ERROR] PHP error {"type":"Warning","message":"Undefined array key \"allocations_json\"","file":"/home1/siloecom/sistema.siloe.com.py/app/domain.php","line":96}
[2026-02-24 17:59:02] litespeed.181.124.224.197 [ERROR] PHP error {"type":"Warning","message":"Undefined array key \"allocations_json\"","file":"/home1/siloecom/sistema.siloe.com.py/app/domain.php","line":96}
[2026-02-24 18:01:08] litespeed.181.124.224.197 [ERROR] PHP error {"type":"Warning","message":"Undefined array key \"updated_at\"","file":"/home1/siloecom/sistema.siloe.com.py/app/domain.php","line":102}
[2026-02-24 18:01:08] litespeed.181.124.224.197 [ERROR] PHP error {"type":"Warning","message":"Undefined array key \"updated_at\"","file":"/home1/siloecom/sistema.siloe.com.py/app/domain.php","line":102}
[2026-02-24 18:01:08] litespeed.181.124.224.197 [ERROR] PHP error {"type":"Warning","message":"Undefined array key \"updated_at\"","file":"/home1/siloecom/sistema.siloe.com.py/app/domain.php","line":102}
[2026-02-24 18:01:08] litespeed.181.124.224.197 [ERROR] PHP error {"type":"Warning","message":"Undefined array key \"updated_at\"","file":"/home1/siloecom/sistema.siloe.com.py/app/domain.php","line":102}
[2026-02-24 18:01:08] litespeed.181.124.224.197 [ERROR] PHP error {"type":"Warning","message":"Undefined array key \"updated_at\"","file":"/home1/siloecom/sistema.siloe.com.py/app/domain.php","line":102}
[2026-02-24 18:01:08] litespeed.181.124.224.197 [ERROR] PHP error {"type":"Warning","message":"Undefined array key \"updated_at\"","file":"/home1/siloecom/sistema.siloe.com.py/app/domain.php","line":102}
[2026-02-24 18:01:08] litespeed.181.124.224.197 [ERROR] PHP error {"type":"Warning","message":"Undefined array key \"updated_at\"","file":"/home1/siloecom/sistema.siloe.com.py/app/domain.php","line":102}
[2026-02-24 18:01:08] litespeed.181.124.224.197 [ERROR] PHP error {"type":"Warning","message":"Undefined array key \"updated_at\"","file":"/home1/siloecom/sistema.siloe.com.py/app/domain.php","line":102}
[2026-02-24 18:01:08] litespeed.181.124.224.197 [ERROR] PHP error {"type":"Warning","message":"Undefined array key \"updated_at\"","file":"/home1/siloecom/sistema.siloe.com.py/app/domain.php","line":102}
[2026-02-24 18:01:08] litespeed.181.124.224.197 [ERROR] PHP error {"type":"Warning","message":"Undefined array key \"updated_at\"","file":"/home1/siloecom/sistema.siloe.com.py/app/domain.php","line":102}
[2026-02-24 18:01:08] litespeed.181.124.224.197 [ERROR] PHP error {"type":"Warning","message":"Undefined array key \"updated_at\"","file":"/home1/siloecom/sistema.siloe.com.py/app/domain.php","line":102}
[2026-02-24 18:01:08] litespeed.181.124.224.197 [ERROR] PHP error {"type":"Warning","message":"Undefined array key \"updated_at\"","file":"/home1/siloecom/sistema.siloe.com.py/app/domain.php","line":102}
[2026-02-24 18:01:08] litespeed.181.124.224.197 [ERROR] PHP error {"type":"Warning","message":"Undefined array key \"updated_at\"","file":"/home1/siloecom/sistema.siloe.com.py/app/domain.php","line":102}
[2026-02-24 18:01:08] litespeed.181.124.224.197 [ERROR] PHP error {"type":"Warning","message":"Undefined array key \"updated_at\"","file":"/home1/siloecom/sistema.siloe.com.py/app/domain.php","line":102}
[2026-02-24 18:01:08] litespeed.181.124.224.197 [ERROR] PHP error {"type":"Warning","message":"Undefined array key \"allocations_json\"","file":"/home1/siloecom/sistema.siloe.com.py/app/domain.php","line":96}
[2026-02-24 18:01:08] litespeed.181.124.224.197 [ERROR] PHP error {"type":"Warning","message":"Undefined array key \"allocations_json\"","file":"/home1/siloecom/sistema.siloe.com.py/app/domain.php","line":96}
[2026-02-24 18:01:08] litespeed.181.124.224.197 [ERROR] PHP error {"type":"Warning","message":"Undefined array key \"allocations_json\"","file":"/home1/siloecom/sistema.siloe.com.py/app/domain.php","line":96}
[2026-02-24 18:01:08] litespeed.181.124.224.197 [ERROR] PHP error {"type":"Warning","message":"Undefined array key \"allocations_json\"","file":"/home1/siloecom/sistema.siloe.com.py/app/domain.php","line":96}
[2026-02-24 18:01:08] litespeed.181.124.224.197 [ERROR] PHP error {"type":"Warning","message":"Undefined array key \"allocations_json\"","file":"/home1/siloecom/sistema.siloe.com.py/app/domain.php","line":96}
[2026-02-24 18:01:08] litespeed.181.124.224.197 [ERROR] PHP error {"type":"Warning","message":"Undefined array key \"allocations_json\"","file":"/home1/siloecom/sistema.siloe.com.py/app/domain.php","line":96}
[2026-02-24 18:01:08] litespeed.181.124.224.197 [ERROR] PHP error {"type":"Warning","message":"Undefined array key \"allocations_json\"","file":"/home1/siloecom/sistema.siloe.com.py/app/domain.php","line":96}
[2026-02-24 18:01:08] litespeed.181.124.224.197 [ERROR] PHP error {"type":"Warning","message":"Undefined array key \"allocations_json\"","file":"/home1/siloecom/sistema.siloe.com.py/app/domain.php","line":96}
[2026-02-24 18:01:08] litespeed.181.124.224.197 [ERROR] PHP error {"type":"Warning","message":"Undefined array key \"allocations_json\"","file":"/home1/siloecom/sistema.siloe.com.py/app/domain.php","line":96}
[2026-02-24 18:01:08] litespeed.181.124.224.197 [ERROR] PHP error {"type":"Warning","message":"Undefined array key \"allocations_json\"","file":"/home1/siloecom/sistema.siloe.com.py/app/domain.php","line":96}
[2026-02-24 18:01:08] litespeed.181.124.224.197 [ERROR] PHP error {"type":"Warning","message":"Undefined array key \"allocations_json\"","file":"/home1/siloecom/sistema.siloe.com.py/app/domain.php","line":96}
[2026-02-24 18:01:08] litespeed.181.124.224.197 [ERROR] PHP error {"type":"Warning","message":"Undefined array key \"allocations_json\"","file":"/home1/siloecom/sistema.siloe.com.py/app/domain.php","line":96}
[2026-02-24 18:01:08] litespeed.181.124.224.197 [ERROR] PHP error {"type":"Warning","message":"Undefined array key \"allocations_json\"","file":"/home1/siloecom/sistema.siloe.com.py/app/domain.php","line":96}
[2026-02-24 18:01:08] litespeed.181.124.224.197 [ERROR] PHP error {"type":"Warning","message":"Undefined array key \"allocations_json\"","file":"/home1/siloecom/sistema.siloe.com.py/app/domain.php","line":96}
[2026-02-24 18:01:13] litespeed.181.124.224.197 [ERROR] PHP error {"type":"Warning","message":"Undefined array key \"updated_at\"","file":"/home1/siloecom/sistema.siloe.com.py/app/domain.php","line":102}
[2026-02-24 18:01:13] litespeed.181.124.224.197 [ERROR] PHP error {"type":"Warning","message":"Undefined array key \"updated_at\"","file":"/home1/siloecom/sistema.siloe.com.py/app/domain.php","line":102}
[2026-02-24 18:01:13] litespeed.181.124.224.197 [ERROR] PHP error {"type":"Warning","message":"Undefined array key \"updated_at\"","file":"/home1/siloecom/sistema.siloe.com.py/app/domain.php","line":102}
[2026-02-24 18:01:13] litespeed.181.124.224.197 [ERROR] PHP error {"type":"Warning","message":"Undefined array key \"updated_at\"","file":"/home1/siloecom/sistema.siloe.com.py/app/domain.php","line":102}
[2026-02-24 18:01:13] litespeed.181.124.224.197 [ERROR] PHP error {"type":"Warning","message":"Undefined array key \"updated_at\"","file":"/home1/siloecom/sistema.siloe.com.py/app/domain.php","line":102}
[2026-02-24 18:01:13] litespeed.181.124.224.197 [ERROR] PHP error {"type":"Warning","message":"Undefined array key \"updated_at\"","file":"/home1/siloecom/sistema.siloe.com.py/app/domain.php","line":102}
[2026-02-24 18:01:13] litespeed.181.124.224.197 [ERROR] PHP error {"type":"Warning","message":"Undefined array key \"updated_at\"","file":"/home1/siloecom/sistema.siloe.com.py/app/domain.php","line":102}
[2026-02-24 18:01:13] litespeed.181.124.224.197 [ERROR] PHP error {"type":"Warning","message":"Undefined array key \"updated_at\"","file":"/home1/siloecom/sistema.siloe.com.py/app/domain.php","line":102}
[2026-02-24 18:01:13] litespeed.181.124.224.197 [ERROR] PHP error {"type":"Warning","message":"Undefined array key \"updated_at\"","file":"/home1/siloecom/sistema.siloe.com.py/app/domain.php","line":102}
[2026-02-24 18:01:13] litespeed.181.124.224.197 [ERROR] PHP error {"type":"Warning","message":"Undefined array key \"updated_at\"","file":"/home1/siloecom/sistema.siloe.com.py/app/domain.php","line":102}
[2026-02-24 18:01:13] litespeed.181.124.224.197 [ERROR] PHP error {"type":"Warning","message":"Undefined array key \"updated_at\"","file":"/home1/siloecom/sistema.siloe.com.py/app/domain.php","line":102}
[2026-02-24 18:01:13] litespeed.181.124.224.197 [ERROR] PHP error {"type":"Warning","message":"Undefined array key \"updated_at\"","file":"/home1/siloecom/sistema.siloe.com.py/app/domain.php","line":102}
[2026-02-24 18:01:13] litespeed.181.124.224.197 [ERROR] PHP error {"type":"Warning","message":"Undefined array key \"updated_at\"","file":"/home1/siloecom/sistema.siloe.com.py/app/domain.php","line":102}
[2026-02-24 18:01:13] litespeed.181.124.224.197 [ERROR] PHP error {"type":"Warning","message":"Undefined array key \"updated_at\"","file":"/home1/siloecom/sistema.siloe.com.py/app/domain.php","line":102}
[2026-02-24 18:01:13] litespeed.181.124.224.197 [ERROR] PHP error {"type":"Warning","message":"Undefined array key \"updated_at\"","file":"/home1/siloecom/sistema.siloe.com.py/app/domain.php","line":102}
[2026-02-24 18:01:13] litespeed.181.124.224.197 [ERROR] PHP error {"type":"Warning","message":"Undefined array key \"updated_at\"","file":"/home1/siloecom/sistema.siloe.com.py/app/domain.php","line":102}
[2026-02-24 18:01:13] litespeed.181.124.224.197 [ERROR] PHP error {"type":"Warning","message":"Undefined array key \"allocations_json\"","file":"/home1/siloecom/sistema.siloe.com.py/app/domain.php","line":96}
[2026-02-24 18:01:13] litespeed.181.124.224.197 [ERROR] PHP error {"type":"Warning","message":"Undefined array key \"allocations_json\"","file":"/home1/siloecom/sistema.siloe.com.py/app/domain.php","line":96}
[2026-02-24 18:01:13] litespeed.181.124.224.197 [ERROR] PHP error {"type":"Warning","message":"Undefined array key \"allocations_json\"","file":"/home1/siloecom/sistema.siloe.com.py/app/domain.php","line":96}
[2026-02-24 18:01:13] litespeed.181.124.224.197 [ERROR] PHP error {"type":"Warning","message":"Undefined array key \"allocations_json\"","file":"/home1/siloecom/sistema.siloe.com.py/app/domain.php","line":96}
[2026-02-24 18:01:13] litespeed.181.124.224.197 [ERROR] PHP error {"type":"Warning","message":"Undefined array key \"allocations_json\"","file":"/home1/siloecom/sistema.siloe.com.py/app/domain.php","line":96}
[2026-02-24 18:01:13] litespeed.181.124.224.197 [ERROR] PHP error {"type":"Warning","message":"Undefined array key \"allocations_json\"","file":"/home1/siloecom/sistema.siloe.com.py/app/domain.php","line":96}
[2026-02-24 18:01:13] litespeed.181.124.224.197 [ERROR] PHP error {"type":"Warning","message":"Undefined array key \"allocations_json\"","file":"/home1/siloecom/sistema.siloe.com.py/app/domain.php","line":96}
[2026-02-24 18:01:13] litespeed.181.124.224.197 [ERROR] PHP error {"type":"Warning","message":"Undefined array key \"allocations_json\"","file":"/home1/siloecom/sistema.siloe.com.py/app/domain.php","line":96}
[2026-02-24 18:01:13] litespeed.181.124.224.197 [ERROR] PHP error {"type":"Warning","message":"Undefined array key \"allocations_json\"","file":"/home1/siloecom/sistema.siloe.com.py/app/domain.php","line":96}
[2026-02-24 18:01:13] litespeed.181.124.224.197 [ERROR] PHP error {"type":"Warning","message":"Undefined array key \"allocations_json\"","file":"/home1/siloecom/sistema.siloe.com.py/app/domain.php","line":96}
[2026-02-24 18:01:13] litespeed.181.124.224.197 [ERROR] PHP error {"type":"Warning","message":"Undefined array key \"allocations_json\"","file":"/home1/siloecom/sistema.siloe.com.py/app/domain.php","line":96}
[2026-02-24 18:01:13] litespeed.181.124.224.197 [ERROR] PHP error {"type":"Warning","message":"Undefined array key \"allocations_json\"","file":"/home1/siloecom/sistema.siloe.com.py/app/domain.php","line":96}
[2026-02-24 18:01:13] litespeed.181.124.224.197 [ERROR] PHP error {"type":"Warning","message":"Undefined array key \"allocations_json\"","file":"/home1/siloecom/sistema.siloe.com.py/app/domain.php","line":96}
[2026-02-24 18:01:13] litespeed.181.124.224.197 [ERROR] PHP error {"type":"Warning","message":"Undefined array key \"allocations_json\"","file":"/home1/siloecom/sistema.siloe.com.py/app/domain.php","line":96}
[2026-02-24 18:01:13] litespeed.181.124.224.197 [ERROR] PHP error {"type":"Warning","message":"Undefined array key \"allocations_json\"","file":"/home1/siloecom/sistema.siloe.com.py/app/domain.php","line":96}
[2026-02-24 18:42:05] litespeed.181.124.224.197 [ERROR] PHP error {"type":"Warning","message":"Undefined array key \"updated_at\"","file":"/home1/siloecom/sistema.siloe.com.py/app/domain.php","line":102}
[2026-02-24 18:42:05] litespeed.181.124.224.197 [ERROR] PHP error {"type":"Warning","message":"Undefined array key \"updated_at\"","file":"/home1/siloecom/sistema.siloe.com.py/app/domain.php","line":102}
[2026-02-24 18:42:05] litespeed.181.124.224.197 [ERROR] PHP error {"type":"Warning","message":"Undefined array key \"updated_at\"","file":"/home1/siloecom/sistema.siloe.com.py/app/domain.php","line":102}
[2026-02-24 18:42:05] litespeed.181.124.224.197 [ERROR] PHP error {"type":"Warning","message":"Undefined array key \"updated_at\"","file":"/home1/siloecom/sistema.siloe.com.py/app/domain.php","line":102}
[2026-02-24 18:42:05] litespeed.181.124.224.197 [ERROR] PHP error {"type":"Warning","message":"Undefined array key \"updated_at\"","file":"/home1/siloecom/sistema.siloe.com.py/app/domain.php","line":102}
[2026-02-24 18:42:05] litespeed.181.124.224.197 [ERROR] PHP error {"type":"Warning","message":"Undefined array key \"updated_at\"","file":"/home1/siloecom/sistema.siloe.com.py/app/domain.php","line":102}
[2026-02-24 18:42:05] litespeed.181.124.224.197 [ERROR] PHP error {"type":"Warning","message":"Undefined array key \"updated_at\"","file":"/home1/siloecom/sistema.siloe.com.py/app/domain.php","line":102}
[2026-02-24 18:42:05] litespeed.181.124.224.197 [ERROR] PHP error {"type":"Warning","message":"Undefined array key \"updated_at\"","file":"/home1/siloecom/sistema.siloe.com.py/app/domain.php","line":102}
[2026-02-24 18:42:05] litespeed.181.124.224.197 [ERROR] PHP error {"type":"Warning","message":"Undefined array key \"updated_at\"","file":"/home1/siloecom/sistema.siloe.com.py/app/domain.php","line":102}
[2026-02-24 18:42:05] litespeed.181.124.224.197 [ERROR] PHP error {"type":"Warning","message":"Undefined array key \"updated_at\"","file":"/home1/siloecom/sistema.siloe.com.py/app/domain.php","line":102}
[2026-02-24 18:42:05] litespeed.181.124.224.197 [ERROR] PHP error {"type":"Warning","message":"Undefined array key \"updated_at\"","file":"/home1/siloecom/sistema.siloe.com.py/app/domain.php","line":102}
[2026-02-24 18:42:05] litespeed.181.124.224.197 [ERROR] PHP error {"type":"Warning","message":"Undefined array key \"updated_at\"","file":"/home1/siloecom/sistema.siloe.com.py/app/domain.php","line":102}
[2026-02-24 18:42:05] litespeed.181.124.224.197 [ERROR] PHP error {"type":"Warning","message":"Undefined array key \"updated_at\"","file":"/home1/siloecom/sistema.siloe.com.py/app/domain.php","line":102}
[2026-02-24 18:42:05] litespeed.181.124.224.197 [ERROR] PHP error {"type":"Warning","message":"Undefined array key \"updated_at\"","file":"/home1/siloecom/sistema.siloe.com.py/app/domain.php","line":102}
[2026-02-24 18:42:05] litespeed.181.124.224.197 [ERROR] PHP error {"type":"Warning","message":"Undefined array key \"updated_at\"","file":"/home1/siloecom/sistema.siloe.com.py/app/domain.php","line":102}
[2026-02-24 18:52:06] litespeed.181.124.224.197 [ERROR] PHP error {"type":"Warning","message":"Undefined array key \"updated_at\"","file":"/home1/siloecom/sistema.siloe.com.py/app/domain.php","line":102}
[2026-02-24 18:52:06] litespeed.181.124.224.197 [ERROR] PHP error {"type":"Warning","message":"Undefined array key \"updated_at\"","file":"/home1/siloecom/sistema.siloe.com.py/app/domain.php","line":102}
[2026-02-24 18:52:06] litespeed.181.124.224.197 [ERROR] PHP error {"type":"Warning","message":"Undefined array key \"updated_at\"","file":"/home1/siloecom/sistema.siloe.com.py/app/domain.php","line":102}
[2026-02-24 18:52:06] litespeed.181.124.224.197 [ERROR] PHP error {"type":"Warning","message":"Undefined array key \"updated_at\"","file":"/home1/siloecom/sistema.siloe.com.py/app/domain.php","line":102}
[2026-02-24 18:52:06] litespeed.181.124.224.197 [ERROR] PHP error {"type":"Warning","message":"Undefined array key \"updated_at\"","file":"/home1/siloecom/sistema.siloe.com.py/app/domain.php","line":102}
[2026-02-24 18:52:06] litespeed.181.124.224.197 [ERROR] PHP error {"type":"Warning","message":"Undefined array key \"updated_at\"","file":"/home1/siloecom/sistema.siloe.com.py/app/domain.php","line":102}
[2026-02-24 18:52:06] litespeed.181.124.224.197 [ERROR] PHP error {"type":"Warning","message":"Undefined array key \"updated_at\"","file":"/home1/siloecom/sistema.siloe.com.py/app/domain.php","line":102}
[2026-02-24 18:52:06] litespeed.181.124.224.197 [ERROR] PHP error {"type":"Warning","message":"Undefined array key \"updated_at\"","file":"/home1/siloecom/sistema.siloe.com.py/app/domain.php","line":102}
[2026-02-24 18:52:06] litespeed.181.124.224.197 [ERROR] PHP error {"type":"Warning","message":"Undefined array key \"updated_at\"","file":"/home1/siloecom/sistema.siloe.com.py/app/domain.php","line":102}
[2026-02-24 18:52:06] litespeed.181.124.224.197 [ERROR] PHP error {"type":"Warning","message":"Undefined array key \"updated_at\"","file":"/home1/siloecom/sistema.siloe.com.py/app/domain.php","line":102}
[2026-02-24 18:52:06] litespeed.181.124.224.197 [ERROR] PHP error {"type":"Warning","message":"Undefined array key \"updated_at\"","file":"/home1/siloecom/sistema.siloe.com.py/app/domain.php","line":102}
[2026-02-24 18:52:06] litespeed.181.124.224.197 [ERROR] PHP error {"type":"Warning","message":"Undefined array key \"updated_at\"","file":"/home1/siloecom/sistema.siloe.com.py/app/domain.php","line":102}
[2026-02-24 18:52:06] litespeed.181.124.224.197 [ERROR] PHP error {"type":"Warning","message":"Undefined array key \"updated_at\"","file":"/home1/siloecom/sistema.siloe.com.py/app/domain.php","line":102}
[2026-02-24 18:52:06] litespeed.181.124.224.197 [ERROR] PHP error {"type":"Warning","message":"Undefined array key \"updated_at\"","file":"/home1/siloecom/sistema.siloe.com.py/app/domain.php","line":102}
[2026-02-24 18:52:06] litespeed.181.124.224.197 [ERROR] PHP error {"type":"Warning","message":"Undefined array key \"updated_at\"","file":"/home1/siloecom/sistema.siloe.com.py/app/domain.php","line":102}
[2026-02-24 19:09:37] litespeed.181.124.224.197 [ERROR] PHP error {"type":"Warning","message":"Undefined array key \"updated_at\"","file":"/home1/siloecom/sistema.siloe.com.py/app/domain.php","line":131}
[2026-02-24 19:09:37] litespeed.181.124.224.197 [ERROR] PHP error {"type":"Warning","message":"Undefined array key \"updated_at\"","file":"/home1/siloecom/sistema.siloe.com.py/app/domain.php","line":131}
[2026-02-24 19:09:37] litespeed.181.124.224.197 [ERROR] PHP error {"type":"Warning","message":"Undefined array key \"updated_at\"","file":"/home1/siloecom/sistema.siloe.com.py/app/domain.php","line":131}
[2026-02-24 19:09:37] litespeed.181.124.224.197 [ERROR] PHP error {"type":"Warning","message":"Undefined array key \"updated_at\"","file":"/home1/siloecom/sistema.siloe.com.py/app/domain.php","line":131}
[2026-02-24 19:09:37] litespeed.181.124.224.197 [ERROR] PHP error {"type":"Warning","message":"Undefined array key \"updated_at\"","file":"/home1/siloecom/sistema.siloe.com.py/app/domain.php","line":131}
[2026-02-24 19:09:37] litespeed.181.124.224.197 [ERROR] PHP error {"type":"Warning","message":"Undefined array key \"updated_at\"","file":"/home1/siloecom/sistema.siloe.com.py/app/domain.php","line":131}
[2026-02-24 19:09:37] litespeed.181.124.224.197 [ERROR] PHP error {"type":"Warning","message":"Undefined array key \"updated_at\"","file":"/home1/siloecom/sistema.siloe.com.py/app/domain.php","line":131}
[2026-02-24 19:09:37] litespeed.181.124.224.197 [ERROR] PHP error {"type":"Warning","message":"Undefined array key \"updated_at\"","file":"/home1/siloecom/sistema.siloe.com.py/app/domain.php","line":131}
[2026-02-24 19:09:37] litespeed.181.124.224.197 [ERROR] PHP error {"type":"Warning","message":"Undefined array key \"updated_at\"","file":"/home1/siloecom/sistema.siloe.com.py/app/domain.php","line":131}
[2026-02-24 19:09:37] litespeed.181.124.224.197 [ERROR] PHP error {"type":"Warning","message":"Undefined array key \"updated_at\"","file":"/home1/siloecom/sistema.siloe.com.py/app/domain.php","line":131}
[2026-02-24 19:09:37] litespeed.181.124.224.197 [ERROR] PHP error {"type":"Warning","message":"Undefined array key \"updated_at\"","file":"/home1/siloecom/sistema.siloe.com.py/app/domain.php","line":131}
[2026-02-24 19:09:37] litespeed.181.124.224.197 [ERROR] PHP error {"type":"Warning","message":"Undefined array key \"updated_at\"","file":"/home1/siloecom/sistema.siloe.com.py/app/domain.php","line":131}
[2026-02-24 19:09:37] litespeed.181.124.224.197 [ERROR] PHP error {"type":"Warning","message":"Undefined array key \"updated_at\"","file":"/home1/siloecom/sistema.siloe.com.py/app/domain.php","line":131}
[2026-02-24 19:09:37] litespeed.181.124.224.197 [ERROR] PHP error {"type":"Warning","message":"Undefined array key \"updated_at\"","file":"/home1/siloecom/sistema.siloe.com.py/app/domain.php","line":131}
[2026-02-24 19:09:37] litespeed.181.124.224.197 [ERROR] PHP error {"type":"Warning","message":"Undefined array key \"updated_at\"","file":"/home1/siloecom/sistema.siloe.com.py/app/domain.php","line":131}
